ABEJIB01,ABEJIB
ABEKID01,ABEKID
ABENIF01,ABENIF
ABEPAZ01,ABEPAZ
ABOMIN01,ABOMIN
ABOMUZ01,ABOMUZ
ACEKIC01,ACEKIC
ACEXAI01,ACEXAI
ACEYIR01,ACEYIR
ACIFOH01,ACIFOH
ACUHIS01,ACUHIS
ACUHOY01,ACUHOY
ACULIT01,ACULIT
ADELAX01,ADELAX
ADENIJ01,ADENIJ
ADEZAL01,ADEZAL
AFEDEU01,AFEDEU
AFIFOL01,AFIFOL
AFIRUF01,AFIRUF
AFOLUD01,AFOLUD
AFUKAQ01,AFUKAQ
AGEBUL01,AGEBUL
AGECIA01,AGECIA
AGIVAQ01,AGIVAQ
AHECOH01,AHECOH
AHEJEC04,AHEJEC01
AHEJEC05,AHEJEC
AHEJEC06,AHEJEC02
AHEJEC07,AHEJEC03
AHEJEC08,AHEJEC03
AHEJEC09,AHEJEC03
AHEJEC10,AHEJEC02
AHEJEC11,AHEJEC
AHEJEC12,AHEJEC01
AHIDOM01,AHIDOM
AHOROG01,AHOROG
AHOXIF01,AHOXIF
AHUQID01,AHUQID
AJIWOF01,AJIWOF
AJIWOF02,AJIWOF
AJIYUO01,AJIYUO
AJIZAV01,AJIZAV
AKETAN01,AKETAN
AKUREF01,AKUREF
ALAJIG01,ALAJIG
ALEDAX01,ALEDAX
ALEDEB01,ALEDEB
ALOKAP01,ALOKAP
AMIRIY02,AMIRIY
AMIRIY03,AMIRIY01
AMOCOV01,AMOCOV
ANIXIG01,ANIXIG
ANOQIF01,ANOQIF
ANOXEI01,ANOXEI
ANUHOI02,ANUHOI01
ANUJAW01,ANUJAW
ANUSAF01,ANUSAF
ANUXUD01,ANUXUD
APAJOR01,APAJOR
APAWUL01,APAWUL
APAXEW01,APAXEW
APEVUO01,APEVUO
APOXOS02,APOXOS
APUYUH01,APUYUH
AQOFAP01,AQOFAP
AQOFET01,AQOFET
AQOMOK01,AQOMOK
AQOMUQ01,AQOMUQ
AQONAX01,AQONAX
AQONEB01,AQONEB
AQUMEG02,AQUMEG01
ARAQIV01,ARAQIV
ARASUJ01,ARASUJ
ASIRUP01,ASIRUP
ASISAW01,ASISAW
ASOJEZ01,ASOJEZ
ASOJUP01,ASOJUP
ASOZIS01,ASOZIS
ASUQUB01,ASUQUB
ASUVOZ01,ASUVOZ
AVEJES01,AVEJES
AVOWOZ01,AVOWOZ
AWAVEZ01,AWAVEZ
AWEHER01,AWEHER
AWEHIV01,AWEHIV
AWEJET01,AWEJET
AWEJIX01,AWEJIX
AWEVEF02,AWEVEF
AWEVOP01,AWEVOP
AWIKUO01,AWIKUO
AWUTES01,AWUTES
AWUYAT01,AWUYAT
AXABAD02,AXABAD01
AXIMIE01,AXIMIE
AXUKOV01,AXUKOV
AYECEM01,AYECEM
AZEPOK01,AZEPOK
AZEPUQ01,AZEPUQ
AZIQEH01,AZIQEH
AZIQUX01,AZIQUX
BABDOA01,BABDOA
BAGXIT01,BAGXIT
BAHRAG01,BAHRAG
BAKWOB01,BAKWOB
BALPUB01,BALPUB
BALVIW01,BALVIW
BALVOC01,BALVOC
BAPBUQ01,BAPBUQ
BAPBUQ02,BAPBUQ
BAPCAX01,BAPCAX
BAPCAX02,BAPCAX
BAPCAX03,BAPCAX
BAPCAX04,BAPCAX
BAQVOF01,BAQVOF
BARCOM08,BARCOM01
BAWTOL01,BAWTOL
BAXSEB01,BAXSEB
BAXSIF01,BAXSIF
BECPAD01,BECPAD
BEFDAU01,BEFDAU
BEJGON01,BEJGON
BELDOO01,BELDOO
BELDUU01,BELDUU
BELTIW01,BELTIW
BELYUN02,BELYUN01
BEPNUG01,BEPNUG
BEPPAO01,BEPPAO
BEPPES01,BEPPES
BEPPIW01,BEPPIW
BEPPOC01,BEPPOC
BEPPUI01,BEPPUI
BEPQAP01,BEPQAP
BEPQET01,BEPQET
BERJAM01,BERJAM
BETKAO01,BETKAO
BEXHAQ01,BEXHAQ
BEZLUO01,BEZLUO
BIBQAH01,BIBQAH
BIBZUJ01,BIBZUJ
BICFAX01,BICFAX
BIGJUX01,BIGJUX
BIHGOR01,BIHGOR
BIHJEJ01,BIHJEJ
BIHPAK01,BIHPAK
BIHWAR01,BIHWAR
BIJMUF01,BIJMUF
BIKGEK01,BIKGEK
BIKYOM01,BIKYOM
BIMBIL01,BIMBIL
BISJEU01,BISJEU
BISJIY01,BISJIY
BISJOE01,BISJOE
BIYCES01,BIYCES
BOBNEM01,BOBNEM
BOGREV01,BOGREV
BORCAO01,BORCAO
BOTHOJ01,BOTHOJ
BOTYIU01,BOTYIU
BOVBUK01,BOVBUK
BOVCIZ01,BOVCIZ
BOZHUU01,BOZHUU
BOZJAC01,BOZJAC
BOZJEG01,BOZJEG
BOZJIK01,BOZJIK
BUBNUI01,BUBNUI
BUBPAQ01,BUBPAQ
BUGROL01,BUGROL
BULDET01,BULDET
BULDOD01,BULDOD
CADBER01,CADBER
CADBIV01,CADBIV
CANHUX01,CANHUX
CARBIJ02,CARBIJ01
CARBIJ03,CARBIJ
CARBUV01,CARBUV
CASDIK02,CASDIK01
CAVDIP01,CAVDIP
CAVTUP01,CAVTUP
CAVVAX01,CAVVAX
CAWVUU01,CAWVUU
CAWZAE01,CAWZAE
CAWZEG01,CAWZEG
CAWZIK01,CAWZIK
CAWZOQ01,CAWZOQ
CAWZUW01,CAWZUW
CAXZEH01,CAXZEH
CEBKEZ05,CEBKEZ04
CEKDAY01,CEKDAY
CERQIC01,CERQIC
CEWHUI01,CEWHUI
CICPAI01,CICPAI
CICPEM01,CICPEM
CICQAJ01,CICQAJ
CIHPUH01,CIHPUH
CIHWUO01,CIHWUO
CIJDUX01,CIJDUX
CIJYEB01,CIJYEB
CIKQET01,CIKQET
CIMBIL01,CIMBIL
CIMBOR01,CIMBOR
CIMBUX01,CIMBUX
CIMCAE01,CIMCAE
CIMCEI01,CIMCEI
CITQEB01,CITQEB
CITXAE14,CITXAE13
CITXAE15,CITXAE13
CIVJEY01,CIVJEY
CIXKEA04,CIXKEA
CIXKEA05,CIXKEA01
CIXYOZ01,CIXYOZ
COBZID01,COBZID
COCYAW01,COCYAW
COFQEU01,COFQEU
COFZUU01,COFZUU
COLTAA01,COLTAA
CORDAQ01,CORDAQ
CORDOE01,CORDOE
COSCUJ01,COSCUJ
COSDEU01,COSDEU
CUGBIQ01,CUGBIQ
CUMJIF01,CUMJIF
CUMZOA01,CUMZOA
CUNKIH01,CUNKIH
CUNLAA01,CUNLAA
CURJOQ01,CURJOQ
CUTHOQ01,CUTHOQ
CUTRAM01,CUTRAM
CUVJAF01,CUVJAF
CUYJEN01,CUYJEN
CUZTOI01,CUZTOI
CUZTUO01,CUZTUO
CUZVAW01,CUZVAW
DABMUQ01,DABMUQ
DABPAZ01,DABPAZ
DABPED01,DABPED
DACBOZ01,DACBOZ
DADGOF02,DADGOF01
DAFVEM01,DAFVEM
DAJZUM01,DAJZUM
DARGAF01,DARGAF
DATYEE01,DATYEE
DAVQUP01,DAVQUP
DAWMUK01,DAWMUK
DAWNEV01,DAWNEV
DAYNAV01,DAYNAV
DAZBAJ03,DAZBAJ
DAZFUH01,DAZFUH
DAZGAO01,DAZGAO
DEBFEY01,DEBFEY
DEBKAZ01,DEBKAZ
DELCUV01,DELCUV
DEMNUH01,DEMNUH
DEMPAP01,DEMPAP
DENWID01,DENWID
DEPBUW01,DEPBUW
DEPKAK03,DEPKAK02
DEPREY01,DEPREY
DEPRIC01,DEPRIC
DEPVAY01,DEPVAY
DEPWED01,DEPWED
DEPWIH01,DEPWIH
DEPWON01,DEPWON
DEPWUT01,DEPWUT
DETKAR01,DETKAR
DEWSEG01,DEWSEG
DEXBEN03,DEXBEN02
DEZWIP01,DEZWIP
DIBGIG01,DIBGIG
DIBLUY01,DIBLUY
DIBRUE01,DIBRUE
DIBSAL01,DIBSAL
DICHAZ01,DICHAZ
DICHEF01,DICHEF
DICHOP01,DICHOP
DICPAJ01,DICPAJ
DIDXUL01,DIDXUL
DIFQAL01,DIFQAL
DIHQUI01,DIHQUI
DIQYUZ01,DIQYUZ
DISKAS01,DISKAS
DOBMOX01,DOBMOX
DOCVUM05,DOCVUM04
DOLGES01,DOLGES
DOLGIW01,DOLGIW
DOMVAE01,DOMVAE
DOQQEH02,DOQQEH
DOSBEU02,DOSBEU01
DOVPAG01,DOVPAG
DOWGUS01,DOWGUS
DOXXOD05,DOXXOD04
DOXXOD06,DOXXOD04
DUCLAQ01,DUCLAQ
DUCTEB01,DUCTEB
DUCXAB01,DUCXAB
DUDKOD01,DUDKOD
DUFRUT01,DUFRUT
DUFSAA01,DUFSAA
DUFSEE01,DUFSEE
DUKKAW01,DUKKAW
DULRAF01,DULRAF
DULYUG01,DULYUG
DUMNIJ01,DUMNIJ
DUNPAE01,DUNPAE
DUQMEJ01,DUQMEJ
DUQSAL01,DUQSAL
DUVJIO01,DUVJIO
DUXLAL01,DUXLAL
DUYFEJ01,DUYFEJ
EBERAH01,EBERAH
EBOJIR01,EBOJIR
EBOREV01,EBOREV
EBOSEW01,EBOSEW
EBOTAT01,EBOTAT
EBOTEX01,EBOTEX
ECACAN01,ECACAN
ECACER01,ECACER
ECEFID01,ECEFID
ECEFUP01,ECEFUP
ECELAC01,ECELAC
ECUQOJ01,ECUQOJ
ECUXUY01,ECUXUY
EDAXIQ04,EDAXIQ03
EDENUX01,EDENUX
EDEPOT01,EDEPOT
EDUKAP01,EDUKAP
EFADUM02,EFADUM01
EFAQIM01,EFAQIM
EFAQOS01,EFAQOS
EFAXAM01,EFAXAM
EFELIL01,EFELIL
EFETEQ01,EFETEQ
EGATIP01,EGATIP
EGEQEN01,EGEQEN
EGEQIR01,EGEQIR
EGEQOX01,EGEQOX
EGOMOD01,EGOMOD
EHANIK01,EHANIK
EJUDOE02,EJUDOE
EKEXIB01,EKEXIB
EKUYOZ01,EKUYOZ
EKUYUF01,EKUYUF
ELAFIG01,ELAFIG
ELIBOQ01,ELIBOQ
ELIBOQ02,ELIBOQ
ELINIW01,ELINIW
ELOPEC01,ELOPEC
EMALEL01,EMALEL
EMANUD01,EMANUD
EMAPAL01,EMAPAL
EMAQEQ01,EMAQEQ
ENIRUO01,ENIRUO
ENIRUO02,ENIRUO
ENOHIZ01,ENOHIZ
ENOHOF01,ENOHOF
ENUHAY01,ENUHAY
EQAZUT01,EQAZUT
EQEBAF01,EQEBAF
EQEBEJ01,EQEBEJ
EQIJEV01,EQIJEV
ERASUM01,ERASUM
ERENUM01,ERENUM
ERUKIN01,ERUKIN
ERUKOT01,ERUKOT
ESIQEE01,ESIQEE
ETIGUJ02,ETIGUJ01
ETISAB01,ETISAB
EVAHEP01,EVAHEP
EVITOS02,EVITOS01
EVITOS03,EVITOS01
EVIVOV01,EVIVOV
EWAVAA01,EWAVAA
EWOGIG01,EWOGIG
EWOGOM01,EWOGOM
EWUJUB01,EWUJUB
EWUJUB02,EWUJUB
EXEPIG01,EXEPIG
EXEPIG02,EXEPIG
EXOHII01,EXOHII
EXUFEI01,EXUFEI
EXUFIM01,EXUFIM
EYEHIB01,EYEHIB
EYEPEF01,EYEPEF
EYERUX01,EYERUX
EYESAE01,EYESAE
EYESEI01,EYESEI
EYESIM01,EYESIM
EYESOS01,EYESOS
EYOJEJ01,EYOJEJ
EZESIL01,EZESIL
EZEYOX01,EZEYOX
EZIFOJ01,EZIFOJ
EZIGAW01,EZIGAW
EZIMUX01,EZIMUX
EZUKEQ02,EZUKEQ
FABNIH01,FABNIH
FADSOU01,FADSOU
FAHVES01,FAHVES
FAMLUA01,FAMLUA
FAMMAH01,FAMMAH
FAMMUB01,FAMMUB
FAMNOW01,FAMNOW
FAMPEO01,FAMPEO
FASFUB02,FASFUB01
FATJAO01,FATJAO
FAVVOP01,FAVVOP
FAWZEL01,FAWZEL
FAWZIP01,FAWZIP
FAXXOS01,FAXXOS
FAXZUA01,FAXZUA
FAZPAA01,FAZPAA
FEBJOM02,FEBJOM01
FECKIK01,FECKIK
FELQIZ01,FELQIZ
FEMHIR01,FEMHIR
FEMHOX01,FEMHOX
FEQXIJ02,FEQXIJ01
FERRUQ01,FERRUQ
FERSAX01,FERSAX
FERSEB01,FERSEB
FERSIF01,FERSIF
FERSOL01,FERSOL
FERSUR01,FERSUR
FERTAY01,FERTAY
FEWHEW01,FEWHEW
FEWLOK01,FEWLOK
FEWMOL01,FEWMOL
FEWMUR01,FEWMUR
FEXDES01,FEXDES
FEXDIW01,FEXDIW
FEYXEP01,FEYXEP
FEYYAM01,FEYYAM
FEYYEQ01,FEYYEQ
FEZPUY01,FEZPUY
FIFTAS01,FIFTAS
FIPDOX06,FIPDOX04
FIRKAT01,FIRKAT
FIRKAT02,FIRKAT
FIVQEH01,FIVQEH
FIWGUO01,FIWGUO
FODLUG01,FODLUG
FODMAN01,FODMAN
FODMER01,FODMER
FODMIV01,FODMIV
FODMOB01,FODMOB
FODMUH01,FODMUH
FOFBUX01,FOFBUX
FOGWII01,FOGWII
FOHKOD01,FOHKOD
FOHLAP02,FOHLAP01
FOLWEJ01,FOLWEJ
FOMTAE01,FOMTAE
FOWTUH01,FOWTUH
FOXBAX01,FOXBAX
FOXSAM05,FOXSAM04
FOXSAM06,FOXSAM04
FOYMEM01,FOYMEM
FUJQUX01,FUJQUX
FUMROW02,FUMROW01
FUVZON01,FUVZON
FUVZUT01,FUVZUT
FUWBAC01,FUWBAC
FUWBEG01,FUWBEG
FUWBIK01,FUWBIK
FUWBOQ01,FUWBOQ
FUWBUW01,FUWBUW
FUWCAD01,FUWCAD
FUWCEH01,FUWCEH
FUWCIL01,FUWCIL
FUXSIC01,FUXSIC
GAJHAD01,GAJHAD
GALSAO01,GALSAO
GAMWOJ01,GAMWOJ
GANXEB01,GANXEB
GAQTEZ01,GAQTEZ
GAQZAC01,GAQZAC
GARLER01,GARLER
GEBFUR01,GEBFUR
GEBGAY01,GEBGAY
GEBGEC01,GEBGEC
GEGQOA01,GEGQOA
GEGQUG01,GEGQUG
GEKNOC01,GEKNOC
GELFUB01,GELFUB
GENVUR01,GENVUR
GEPREZ01,GEPREZ
GESWIL01,GESWIL
GETLID01,GETLID
GIBZEZ01,GIBZEZ
GIFWOK01,GIFWOK
GIGZAZ01,GIGZAZ
GIHDAD01,GIHDAD
GIHGEK01,GIHGEK
GIHXUS01,GIHXUS
GIKHOA01,GIKHOA
GIPJIA01,GIPJIA
GIPJOG01,GIPJOG
GIYFIE01,GIYFIE
GIYFOK01,GIYFOK
GIYKOP01,GIYKOP
GIZNAF01,GIZNAF
GODROI01,GODROI
GOGFAJ01,GOGFAJ
GOGXIL01,GOGXIL
GOHGOB02,GOHGOB
GOHPAW01,GOHPAW
GOHPEA01,GOHPEA
GONLIG01,GONLIG
GOVKAF02,GOVKAF
GOZXOK02,GOZXOK
GRISFL05,GRISFL03
GUDWAF01,GUDWAF
GUGXIQ01,GUGXIQ
GUJFUO01,GUJFUO
GUJGAV01,GUJGAV
GUMXAO01,GUMXAO
GUQMIQ01,GUQMIQ
GUQMUC01,GUQMUC
GUQSER01,GUQSER
GUSJIO01,GUSJIO
GUVWOL01,GUVWOL
GUZBIM01,GUZBIM
HAFTUF01,HAFTUF
HAGMOS,HAGMOS01
HAHCOI01,HAHCOI
HAJQAN01,HAJQAN
HAMSAQ01,HAMSAQ
HAMWUO01,HAMWUO
HANCUV01,HANCUV
HANJIS01,HANJIS
HAPKAM01,HAPKAM
HARNAS01,HARNAS
HARNEW01,HARNEW
HAVBAI02,HAVBAI01
HAYSEG01,HAYSEG
HAYTAD01,HAYTAD
HAZPEE01,HAZPEE
HECMIM01,HECMIM
HEKTUM02,HEKTUM01
HELLUI01,HELLUI
HEPDIS01,HEPDIS
HEPGUF01,HEPGUF
HETLAW01,HETLAW
HEVXUB01,HEVXUB
HEWBEQ02,HEWBEQ
HEXLUU01,HEXLUU
HEYXAL01,HEYXAL
HIDZAW01,HIDZAW
HIMSIH01,HIMSIH
HIMTIG01,HIMTIG
HIQKIB01,HIQKIB
HIQQAB01,HIQQAB
HIQQAB03,HIQQAB
HIQWIP01,HIQWIP
HIRMAX01,HIRMAX
HISCOC01,HISCOC
HIVLUV01,HIVLUV
HIZHII01,HIZHII
HODSID01,HODSID
HODTIE01,HODTIE
HOFFEO01,HOFFEO
HOFQAV01,HOFQAV
HOHVAD01,HOHVAD
HOKPAA01,HOKPAA
HOMBIW01,HOMBIW
HOMBOC01,HOMBOC
HOMBUI01,HOMBUI
HOMBUI03,HOMBUI
HONHEZ01,HONHEZ
HONHID01,HONHID
HOQTUD01,HOQTUD
HOQVAL01,HOQVAL
HOQVEP01,HOQVEP
HOQVIT01,HOQVIT
HOQXOB01,HOQXOB
HORNUZ01,HORNUZ
HOTNIP01,HOTNIP
HOTTAM01,HOTTAM
HOVJEH01,HOVJEH
HOWMIQ01,HOWMIQ
HOXNUE01,HOXNUE
HOZBAA01,HOZBAA
HUBXEH01,HUBXEH
HUCLEW05,HUCLEW
HUCLIA01,HUCLIA
HUDDOZ01,HUDDOZ
HUFMUR01,HUFMUR
HUFSAD01,HUFSAD
HUGLOL01,HUGLOL
HUHQIK01,HUHQIK
HUMKUV01,HUMKUV
HUMRIR01,HUMRIR
HUNJUX01,HUNJUX
HUQFIK01,HUQFIK
HUQLEM01,HUQLEM
HUXHAL01,HUXHAL
HUZGIU01,HUZGIU
IBALEF01,IBALEF
IBANOR01,IBANOR
IBIVUL01,IBIVUL
ICAPOR03,ICAPOR01
ICAQOT01,ICAQOT
ICARUA01,ICARUA
ICAVAJ01,ICAVAJ
ICOPOG01,ICOPOG
IDIYUR01,IDIYUR
IDOBUZ01,IDOBUZ
IDOCAG01,IDOCAG
IDOCUA01,IDOCUA
IDOHOB01,IDOHOB
IDOWUU01,IDOWUU
IDURII01,IDURII
IDUROO01,IDUROO
IDUSIK01,IDUSIK
IFAGAA01,IFAGAA
IFENUE01,IFENUE
IFEPOB01,IFEPOB
IFEQES01,IFEQES
IFEXEZ01,IFEXEZ
IFIBIL01,IFIBIL
IFOWEH01,IFOWEH
IGAJOQ02,IGAJOQ01
IGEYIE01,IGEYIE
IGUQEG02,IGUQEG01
IGUQEG03,IGUQEG
IGUQIK01,IGUQIK
IHAPAK01,IHAPAK
IHAPEO02,IHAPEO01
IHUGID01,IHUGID
IJOHIA01,IJOHIA
IKUGIG01,IKUGIG
IKULIL01,IKULIL
ILAGOR01,ILAGOR
ILAHEI01,ILAHEI
ILINIA01,ILINIA
IMIJIX01,IMIJIX
IMIJOD01,IMIJOD
IMIJUK01,IMIJUK
IMIKAR01,IMIKAR
IMINAT01,IMINAT
IMINAT02,IMINAT
IMINAT03,IMINAT
INAVIE01,INAVIE
INAWEB01,INAWEB
INAZEE01,INAZEE
INEFIQ02,INEFIQ01
INEJIW01,INEJIW
INEJOC01,INEJOC
INUKUY01,INUKUY
INUYUL01,INUYUL
IPOJAZ01,IPOJAZ
IQATAX01,IQATAX
IQIYEO01,IQIYEO
IRADEM01,IRADEM
IRADIQ01,IRADIQ
IRAGEP01,IRAGEP
IREQAZ01,IREQAZ
IRIWUB01,IRIWUB
IROMIN01,IROMIN
IRONAG01,IRONAG
IROSOZ01,IROSOZ
IROSUF01,IROSUF
IROVIW01,IROVIW
IROXIW01,IROXIW
ISUHIP01,ISUHIP
ITAKIX01,ITAKIX
ITAKIX02,ITAKIX
ITAKOD01,ITAKOD
ITOVET01,ITOVET
IVIWAM01,IVIWAM
IVIWEQ01,IVIWEQ
IVIWIU01,IVIWIU
IVUPEU01,IVUPEU
IVUPEU02,IVUPEU
IWEBOB,IWEBOB01
IWOPUH01,IWOPUH
IWOXUO01,IWOXUO
IXAVOS01,IXAVOS
IXEXEQ01,IXEXEQ
IYAGAS01,IYAGAS
IYEBAP01,IYEBAP
IYIWAO01,IYIWAO
IYIWET01,IYIWET
IYOXAX01,IYOXAX
IZAQEF01,IZAQEF
IZECOG01,IZECOG
IZESEN01,IZESEN
IZETAK01,IZETAK
IZETEO01,IZETEO
IZIQUE01,IZIQUE
IZUKAR01,IZUKAR
IZUYAD01,IZUYAD
IZUYAD02,IZUYAD
IZUYEH01,IZUYEH
JAGTET03,JAGTET02
JAGTET04,JAGTET
JAGTET05,JAGTET01
JAGTUJ01,JAGTUJ
JAPGUF01,JAPGUF
JASSII01,JASSII
JAWBAL01,JAWBAL
JAWBAL02,JAWBAL
JAXMAX01,JAXMAX
JAYMEC01,JAYMEC
JAYWEM01,JAYWEM
JAYWOW01,JAYWOW
JEBTAO01,JEBTAO
JEBTES01,JEBTES
JEBTIW01,JEBTIW
JECKUA01,JECKUA
JEGDOR01,JEGDOR
JEGKIS01,JEGKIS
JEGKOY01,JEGKOY
JEGKUE01,JEGKUE
JEGLAL01,JEGLAL
JEGLOZ01,JEGLOZ
JEGMAM01,JEGMAM
JEKHUD01,JEKHUD
JEKRIB01,JEKRIB
JEKTIF01,JEKTIF
JEMQUQ01,JEMQUQ
JEMRIF01,JEMRIF
JEMRUR01,JEMRUR
JESWEM01,JESWEM
JIFHIS01,JIFHIS
JIFHOY01,JIFHOY
JIJHIW01,JIJHIW
JIJHOC01,JIJHOC
JIJHUI01,JIJHUI
JIMZUD01,JIMZUD
JIZHOR05,JIZHOR
JIZHOR06,JIZHOR02
JIZXEW02,JIZXEW
JODQID01,JODQID
JOFNUP01,JOFNUP
JOJXAJ01,JOJXAJ
JOJXEN01,JOJXEN
JOKWIR01,JOKWIR
JOKXAK01,JOKXAK
JOLSOS10,JOLSOS
JOMCIZ01,JOMCIZ
JONTOL02,JONTOL01
JONZUJ01,JONZUJ
JOPVUH01,JOPVUH
JOTFAB01,JOTFAB
JOWTAQ01,JOWTAQ
JOWXIC02,JOWXIC
JOWXUO01,JOWXUO
JOXSAS01,JOXSAS
JOYYAZ01,JOYYAZ
JOZSIC01,JOZSIC
JUCTOS01,JUCTOS
JUPQUI01,JUPQUI
KABCEX01,KABCEX
KABGOM01,KABGOM
KABGUS01,KABGUS
KAGTES01,KAGTES
KAKSOG01,KAKSOG
KAKSOG03,KAKSOG
KAKSOG04,KAKSOG02
KAKVAV01,KAKVAV
KAMVEB01,KAMVEB
KANKOZ01,KANKOZ
KANLEQ01,KANLEQ
KAPTED01,KAPTED
KARLUN01,KARLUN
KASFUH01,KASFUH
KAXGEW02,KAXGEW01
KAXGEW03,KAXGEW01
KEFFIN01,KEFFIN
KEFFOT01,KEFFOT
KEFKEO01,KEFKEO
KEFXOJ01,KEFXOJ
KEFZEB01,KEFZEB
KELJAM01,KELJAM
KEMDIR01,KEMDIR
KENCIQ02,KENCIQ01
KENCIQ03,KENCIQ01
KEPPUT01,KEPPUT
KEPQAA01,KEPQAA
KEPQEE01,KEPQEE
KEPQII01,KEPQII
KEQJEW01,KEQJEW
KEQLOH01,KEQLOH
KEQLOI02,KEQLOI
KEQTOQ01,KEQTOQ
KERNOM02,KERNOM
KESZAM01,KESZAM
KETWOX02,KETWOX01
KEVTAH01,KEVTAH
KEZLOT01,KEZLOT
KEZYUM01,KEZYUM
KEZZAT01,KEZZAT
KIBSAS02,KIBSAS01
KIFXIH01,KIFXIH
KIGVEC01,KIGVEC
KIJTII01,KIJTII
KIKJIY01,KIKJIY
KIKJUL01,KIKJUL
KIKJUM01,KIKJUM
KIKQED01,KIKQED
KIKTUT07,KIKTUT03
KITKEE01,KITKEE
KIVRIS01,KIVRIS
KIWKIL02,KIWKIL
KIZHEH01,KIZHEH
KOBNEV01,KOBNEV
KOHVEK01,KOHVEK
KOHVIO01,KOHVIO
KOJTUA01,KOJTUA
KOMBAR01,KOMBAR
KOMNOR01,KOMNOR
KOMVOZ01,KOMVOZ
KONYOD01,KONYOD
KONYOD02,KONYOD
KOXXAY01,KOXXAY
KUFFEY01,KUFFEY
KULMOU01,KULMOU
KULMUA01,KULMUA
KURYON01,KURYON
KUTMAO01,KUTMAO
KUVVII01,KUVVII
KUYJUL01,KUYJUL
LANSOJ01,LANSOJ
LAPXEH01,LAPXEH
LAQJAO01,LAQJAO
LAQKIA01,LAQKIA
LAQTAB01,LAQTAB
LAQXEJ01,LAQXEJ
LAWWAK01,LAWWAK
LAXKEC01,LAXKEC
LAXNOQ01,LAXNOQ
LAXYER01,LAXYER
LAYREL01,LAYREL
LAYWUE01,LAYWUE
LAYXAL01,LAYXAL
LAYXEP01,LAYXEP
LAYYIW01,LAYYIW
LAYYOC01,LAYYOC
LEBDAA01,LEBDAA
LECBUR01,LECBUR
LECLOU02,LECLOU01
LEDXAV01,LEDXAV
LEGJAJ01,LEGJAJ
LEGLIU01,LEGLIU
LEGXIG01,LEGXIG
LEMHAP01,LEMHAP
LEMMOI01,LEMMOI
LEMVUX01,LEMVUX
LEMWAE01,LEMWAE
LENCOZ01,LENCOZ
LENNOI01,LENNOI
LENNUO01,LENNUO
LENPAW01,LENPAW
LENPEA01,LENPEA
LENRAX01,LENRAX
LENTIH01,LENTIH
LENYOU01,LENYOU
LEPBIS01,LEPBIS
LEPBOY01,LEPBOY
LEPLAW01,LEPLAW
LEPLEA01,LEPLEA
LEPLEY01,LEPLEY
LEPLIE01,LEPLIE
LEPPIF04,LEPPIF01
LESJOL01,LESJOL
LEWBIB01,LEWBIB
LEWBUN01,LEWBUN
LEXHAA01,LEXHAA
LEXYAR01,LEXYAR
LEZJUY01,LEZJUY
LEZKAF01,LEZKAF
LEZKEJ01,LEZKEJ
LEZQOX01,LEZQOX
LIBBAC01,LIBBAC
LICMIW01,LICMIW
LIDCAD01,LIDCAD
LIDFOV01,LIDFOV
LIHTOM01,LIHTOM
LIJVOR01,LIJVOR
LIRHUQ02,LIRHUQ01
LIRSEM01,LIRSEM
LIWNOU02,LIWNOU01
LIYWAT01,LIYWAT
LOBBUB01,LOBBUB
LODNOI01,LODNOI
LOFDOB01,LOFDOB
LOKGEZ01,LOKGEZ
LOKSAH01,LOKSAH
LOLMUW01,LOLMUW
LONNUZ01,LONNUZ
LORVUJ01,LORVUJ
LORWAS01,LORWAS
LOTFUV01,LOTFUV
LOTYUO01,LOTYUO
LOYKAL01,LOYKAL
LUBPEF01,LUBPEF
LUCMIH01,LUCMIH
LUCMON01,LUCMON
LUHGEC01,LUHGEC
LUHGOM01,LUHGOM
LUHHED01,LUHHED
LUHHIH01,LUHHIH
LUJQUE01,LUJQUE
LUJYOE01,LUJYOE
LUKDIE01,LUKDIE
LULYIB01,LULYIB
LULYUN01,LULYUN
LUMHIL01,LUMHIL
LUNWAU01,LUNWAU
LUNXEZ01,LUNXEZ
LUVYUY01,LUVYUY
MAFPIT01,MAFPIT
MAFPOZ01,MAFPOZ
MAFXOI01,MAFXOI
MAHHUZ01,MAHHUZ
MAHTOG01,MAHTOG
MAHVAU01,MAHVAU
MAKYUT01,MAKYUT
MALQAR01,MALQAR
MAMGOX01,MAMGOX
MANXUX01,MANXUX
MAPPAV01,MAPPAV
MAPVAC01,MAPVAC
MATZOZ01,MATZOZ
MAXDIZ01,MAXDIZ
MAXDIZ02,MAXDIZ
MAXQAG01,MAXQAG
MAXQAG02,MAXQAG
MAYBRP11,MAYBRP10
MAZHAZ01,MAZHAZ
MECZID01,MECZID
MECZOJ01,MECZOJ
MEDBAY01,MEDBAY
MEDBEC01,MEDBEC
MEDBUS01,MEDBUS
MEFQIZ01,MEFQIZ
MEGLER01,MEGLER
MEGLIV01,MEGLIV
MEGLOB01,MEGLOB
MEGRUL01,MEGRUL
MEGSAS01,MEGSAS
MEHNOD01,MEHNOD
MEKNIC01,MEKNIC
MELNID01,MELNID
MELQUQ01,MELQUQ
MEMZUA01,MEMZUA
MENDOZ01,MENDOZ
MEPQAC01,MEPQAC
MERCAQ01,MERCAQ
MERLON01,MERLON
MEXFAZ01,MEXFAZ
MEZZUP01,MEZZUP
MIDYED01,MIDYED
MIDZEH01,MIDZEH
MIGBAI01,MIGBAI
MIGBEM01,MIGBEM
MIMJAV01,MIMJAV
MIQWOB01,MIQWOB
MISVES01,MISVES
MISXUH01,MISXUH
MIWQUF01,MIWQUF
MIXQUF01,MIXQUF
MIXQUF02,MIXQUF
MIXTIX01,MIXTIX
MIYDIH01,MIYDIH
MIYJUA01,MIYJUA
MOBKOD01,MOBKOD
MOLWAN02,MOLWAN01
MOMPAF02,MOMPAF01
MOPFUT01,MOPFUT
MORPUE01,MORPUE
MOTGEI01,MOTGEI
MOTGIM01,MOTGIM
MOZMEU01,MOZMEU
MUBKOK01,MUBKOK
MUFCIB01,MUFCIB
MUFCOH01,MUFCOH
MUFCUN01,MUFCUN
MUJBAW01,MUJBAW
MUJBEA01,MUJBEA
MUJBIE01,MUJBIE
MUJBOK01,MUJBOK
MUJBUQ01,MUJBUQ
MUJGUV01,MUJGUV
MUJHAC01,MUJHAC
MUJHEG01,MUJHEG
MUKLUA01,MUKLUA
MUKMAH01,MUKMAH
MUMJIP02,MUMJIP
MUPRUM01,MUPRUM
MUPSAT01,MUPSAT
MUPSIB01,MUPSIB
MUPSOH01,MUPSOH
MUSLOB01,MUSLOB
MUXSAB01,MUXSAB
MUXSEF01,MUXSEF
NABCAV01,NABCAV
NACXIY01,NACXIY
NAFCEE01,NAFCEE
NAKKOA01,NAKKOA
NAKKUG01,NAKKUG
NAKLAN01,NAKLAN
NAKPUL01,NAKPUL
NALBIO01,NALBIO
NAMHAL01,NAMHAL
NAMROJ01,NAMROJ
NAMTAZ01,NAMTAZ
NAPJOE01,NAPJOE
NAPMEZ01,NAPMEZ
NASSAE01,NASSAE
NATLIF01,NATLIF
NATLOL01,NATLOL
NATLUR01,NATLUR
NAXSOX01,NAXSOX
NEBDII01,NEBDII
NEGKAM01,NEGKAM
NEJWUX01,NEJWUX
NEMGAQ01,NEMGAQ
NENBIU01,NENBIU
NEPLUP01,NEPLUP
NERHAU01,NERHAU
NERWAJ01,NERWAJ
NEWNIN01,NEWNIN
NIFBUA01,NIFBUA
NIFYEJ01,NIFYEJ
NIGSEE01,NIGSEE
NIGWUY01,NIGWUY
NIGXAF01,NIGXAF
NIGXEJ01,NIGXEJ
NIGXIN01,NIGXIN
NIKLIF01,NIKLIF
NIPPIN01,NIPPIN
NIRYOC01,NIRYOC
NIRYUI01,NIRYUI
NIVVAR01,NIVVAR
NIVVEV01,NIVVEV
NIVVIZ01,NIVVIZ
NIWROB01,NIWROB
NOFYOX01,NOFYOX
NOGDUK01,NOGDUK
NOLDUP01,NOLDUP
NOLFAX01,NOLFAX
NOLFEB01,NOLFEB
NOLWIV01,NOLWIV
NOLWOB01,NOLWOB
NOMREO01,NOMREO
NOQZUP02,NOQZUP
NORRAO01,NORRAO
NOSRAO01,NOSRAO
NOTFEJ01,NOTFEJ
NOTLIT01,NOTLIT
NOTZED01,NOTZED
NOVVOJ02,NOVVOJ01
NOYFEO01,NOYFEO
NOYFIS01,NOYFIS
NOYFOY01,NOYFOY
NOYFUE01,NOYFUE
NOYGAL01,NOYGAL
NUDPAF01,NUDPAF
NUHJIL01,NUHJIL
NUHVET01,NUHVET
NULDUT04,NULDUT02
NUMXAV01,NUMXAV
NUNBUV01,NUNBUV
NUNCAC01,NUNCAC
NUNCII01,NUNCII
NUQGUC01,NUQGUC
OBAMAI01,OBAMAI
OBARAN01,OBARAN
OBEFOR01,OBEFOR
OBEPIV01,OBEPIV
OBEPOB01,OBEPOB
OBIVIH01,OBIVIH
OBOHAR01,OBOHAR
OCALUA01,OCALUA
OCAXOI01,OCAXOI
OCAXUO01,OCAXUO
OCAYEZ01,OCAYEZ
OCODIW02,OCODIW01
OCOQOP01,OCOQOP
ODADIG01,ODADIG
ODADOM01,ODADOM
ODADOM02,ODADOM
ODAZAV02,ODAZAV01
ODOVEJ01,ODOVEJ
OFOFAR01,OFOFAR
OFULOT01,OFULOT
OGUBID04,OGUBID
OGUKOS01,OGUKOS
OHAZII01,OHAZII
OHECAH01,OHECAH
OHECAH02,OHECAH
OHECEL01,OHECEL
OHEDIQ01,OHEDIQ
OHEDIQ02,OHEDIQ
OJEXUY01,OJEXUY
OJEZEK01,OJEZEK
OJEZIO02,OJEZIO
OJIBOA02,OJIBOA
OJIBUG02,OJIBUG
OJICAN02,OJICAN
OJICIV02,OJICIV
OJICOB02,OJICOB
OJINOM01,OJINOM
OJIQAB01,OJIQAB
OJIRIJ01,OJIRIJ
OJIROQ01,OJIROQ
OJITEI01,OJITEI
OJIYAJ01,OJIYAJ
OJIYIR01,OJIYIR
OJIYOX01,OJIYOX
OJIYUD01,OJIYUD
OJOGEB01,OJOGEB
OJOLAC01,OJOLAC
OJOSOX01,OJOSOX
OKAXAZ01,OKAXAZ
OKEQIE01,OKEQIE
OKOXIV02,OKOXIV
OKUSAP01,OKUSAP
OKUXUP01,OKUXUP
OKUZIF01,OKUZIF
OLEDUE01,OLEDUE
OLEVAD01,OLEVAD
OMOCEY01,OMOCEY
OMSSIO02,OMSSIO01
ONAVEF02,ONAVEF
OPIKOO01,OPIKOO
OPIWUH01,OPIWUH
OQAHUL02,OQAHUL
OQEMAA01,OQEMAA
OQUSEZ01,OQUSEZ
ORABUG01,ORABUG
ORACAN01,ORACAN
OREBIY01,OREBIY
ORETEM01,ORETEM
OREYER01,OREYER
OREYIV01,OREYIV
ORIPEM01,ORIPEM
OROPOC01,OROPOC
OSAHUM01,OSAHUM
OTIBAW01,OTIBAW
OTIGII01,OTIGII
OWIKIQ01,OWIKIQ
OWOXUU01,OWOXUU
OWUREF01,OWUREF
OWURIJ01,OWURIJ
OXAGEB01,OXAGEB
OXASUC01,OXASUC
OXOBEK01,OXOBEK
OZECAY04,OZECAY03
PABLEL01,PABLEL
PACCOM01,PACCOM
PAFXOL01,PAFXOL
PAHXAZ02,PAHXAZ
PALYIN01,PALYIN
PANPUQ01,PANPUQ
PATFEX01,PATFEX
PATSEJ05,PATSEJ03
PATXIS01,PATXIS
PAVJON01,PAVJON
PAVYUG01,PAVYUG
PAVZER01,PAVZER
PAWKUW01,PAWKUW
PAWLUV01,PAWLUV
PAWVEQ01,PAWVEQ
PAWYOD01,PAWYOD
PAXYAP01,PAXYAP
PAZFAA01,PAZFAA
PAZQAK01,PAZQAK
PECKUG01,PECKUG
PECLAN01,PECLAN
PECPOF01,PECPOF
PEFVEC01,PEFVEC
PEFVIG01,PEFVIG
PEGRIF01,PEGRIF
PELTIM01,PELTIM
PELTUY01,PELTUY
PEMKEA01,PEMKEA
PEMLEZ01,PEMLEZ
PEMWEJ02,PEMWEJ01
PEMYOV01,PEMYOV
PENYEP01,PENYEP
PEPTOW01,PEPTOW
PEPVOY01,PEPVOY
PEQCUM01,PEQCUM
PEQFAU01,PEQFAU
PESNOR01,PESNOR
PESNUX01,PESNUX
PESSIQ01,PESSIQ
PEVNEK01,PEVNEK
PEZFEG02,PEZFEG
PEZFIK01,PEZFIK
PEZXUQ01,PEZXUQ
PIDDIS01,PIDDIS
PIDDOY01,PIDDOY
PIGDIV01,PIGDIV
PIGVOQ02,PIGVOQ
PIJFIA01,PIJFIA
PINYAO01,PINYAO
PIRZAS01,PIRZAS
PIVBAY01,PIVBAY
PIXXAX01,PIXXAX
PIYZIH01,PIYZIH
PIYZON01,PIYZON
PODBIU01,PODBIU
POMXAR01,POMXAR
PORFIN01,PORFIN
POSVAW01,POSVAW
POSVEA01,POSVEA
POXZAE01,POXZAE
POYYEI01,POYYEI
POYYIM01,POYYIM
POZJAQ01,POZJAQ
PUDWOB01,PUDWOB
PUDWUH02,PUDWUH
PUHFEE01,PUHFEE
PUKLIR01,PUKLIR
PUPSUQ01,PUPSUQ
PURDAJ01,PURDAJ
PUVNID01,PUVNID
PUXJEX01,PUXJEX
QABZIF01,QABZIF
QADHAE02,QADHAE01
QAGJUG01,QAGJUG
QAMRON01,QAMRON
QANKUO01,QANKUO
QANWEI01,QANWEI
QANYIO01,QANYIO
QASVOW01,QASVOW
QASVUC01,QASVUC
QAVPAG01,QAVPAG
QAZCAW01,QAZCAW
QEGHAO01,QEGHAO
QEGKEV01,QEGKEV
QEJYOW01,QEJYOW
QELZEP01,QELZEP
QEMBAO01,QEMBAO
QENGOI01,QENGOI
QENGUO01,QENGUO
QENHAV01,QENHAV
QEQJII01,QEQJII
QESZUK03,QESZUK02
QETMOU01,QETMOU
QEWVAQ01,QEWVAQ
QEYFIJ01,QEYFIJ
QEYFOP01,QEYFOP
QIBLOC01,QIBLOC
QIBLOC03,QIBLOC
QIDKEW01,QIDKEW
QIHBEO05,QIHBEO04
QIJMEB01,QIJMEB
QIJMIF01,QIJMIF
QIJNAY01,QIJNAY
QIKYUG01,QIKYUG
QILXUG01,QILXUG
QIPVES02,QIPVES01
QITNOW01,QITNOW
QIVDEE01,QIVDEE
QIXQEV01,QIXQEV
QIZTIC01,QIZTIC
QIZTOI01,QIZTOI
QOBQIH01,QOBQIH
QOBQIH02,QOBQIH
QODREG01,QODREG
QOJFAY01,QOJFAY
QOPTIA01,QOPTIA
QOQDIJ01,QOQDIJ
QOQLUE01,QOQLUE
QOQMAL01,QOQMAL
QOQNIT01,QOQNIT
QOTZIK01,QOTZIK
QOVGAL01,QOVGAL
QOYCOW01,QOYCOW
QUBCIB01,QUBCIB
QUDJIK01,QUDJIK
QUDJUW01,QUDJUW
QUDKAD01,QUDKAD
QUDKEH01,QUDKEH
QUDKOR01,QUDKOR
QUDKUX01,QUDKUX
QUDLIM02,QUDLIM
QUHLIQ01,QUHLIQ
QUHLOW01,QUHLOW
QUHWAS02,QUHWAS01
QUJZEB01,QUJZEB
QULRAS01,QULRAS
QULREW01,QULREW
QULRIA01,QULRIA
QUMBAB01,QUMBAB
QUSBEN01,QUSBEN
QUTNEA01,QUTNEA
RACBIH01,RACBIH
RADPOC01,RADPOC
RAHJAO01,RAHJAO
RAHJES01,RAHJES
RAHJIW01,RAHJIW
RAHJOC01,RAHJOC
RAHJUI01,RAHJUI
RAJPOI01,RAJPOI
RAKZIP01,RAKZIP
RAMPON01,RAMPON
RAPQOP01,RAPQOP
RAQNOP01,RAQNOP
RARBAQ01,RARBAQ
RARBEU01,RARBEU
RARBIY01,RARBIY
RAZLIQ01,RAZLIQ
RAZMUC01,RAZMUC
RAZYIB01,RAZYIB
REDGIR01,REDGIR
REFRUS01,REFRUS
REHJUK01,REHJUK
REJQUV01,REJQUV
REKYUC01,REKYUC
REKYUE01,REKYUE
REKZAL01,REKZAL
REKZEP01,REKZEP
REQXAN01,REQXAN
REQXER01,REQXER
REYNEQ01,REYNEQ
REYRUK01,REYRUK
REYSAR01,REYSAR
REZQAP01,REZQAP
REZQET01,REZQET
RIFROP01,RIFROP
RIHZIU01,RIHZIU
RIHZOA01,RIHZOA
RIPGEE01,RIPGEE
RIVJAI01,RIVJAI
RIVJEM01,RIVJEM
RODFUM01,RODFUM
RODGAT01,RODGAT
ROFBIY02,ROFBIY01
ROFKIH01,ROFKIH
ROFRIO03,ROFRIO02
ROGJIH01,ROGJIH
ROHVEQ01,ROHVEQ
ROJNAH01,ROJNAH
ROMYAV02,ROMYAV
ROMYAV03,ROMYAV01
ROMYID01,ROMYID
ROMYOJ01,ROMYOJ
ROMYUP01,ROMYUP
RUDREP01,RUDREP
RUHCIG,RUHCIG01
RUHCOM01,RUHCOM
RUHCUS01,RUHCUS
RUHDAZ01,RUHDAZ
RUJKUE01,RUJKUE
RUJTIB01,RUJTIB
RUKDAD03,RUKDAD02
RUNPIB01,RUNPIB
RUNPOH01,RUNPOH
RUPTON01,RUPTON
RUPTUT01,RUPTUT
RUPZAF01,RUPZAF
RUQSEC01,RUQSEC
RUTZAJ01,RUTZAJ
RUWPAC01,RUWPAC
RUYHID03,RUYHID01
RUYHID04,RUYHID02
SABBUU01,SABBUU
SAHKUJ01,SAHKUJ
SAKXIN01,SAKXIN
SALKUM01,SALKUM
SANTAD01,SANTAD
SAPMAY01,SAPMAY
SAPMEC01,SAPMEC
SARMEF01,SARMEF
SARMIJ01,SARMIJ
SARZAP02,SARZAP
SARZET01,SARZET
SAZGOS01,SAZGOS
SAZPAN01,SAZPAN
SECDUB01,SECDUB
SEFKET02,SEFKET
SEFZAG01,SEFZAG
SEKDOE01,SEKDOE
SEKLIG01,SEKLIG
SEMYAN01,SEMYAN
SEQNEK01,SEQNEK
SESDAY01,SESDAY
SESVIW01,SESVIW
SEYCOP01,SEYCOP
SEZPIZ01,SEZPIZ
SICQEB01,SICQEB
SIDCUF01,SIDCUF
SIFGOE01,SIFGOE
SIGDIY01,SIGDIY
SIGDOE01,SIGDOE
SIHZIT01,SIHZIT
SIKZAQ01,SIKZAQ
SIMVOA01,SIMVOA
SIMZAQ01,SIMZAQ
SIPQEO01,SIPQEO
SIPQIS01,SIPQIS
SIPQOY01,SIPQOY
SIRLEL01,SIRLEL
SITKEM01,SITKEM
SITPIV01,SITPIV
SIXPIA01,SIXPIA
SIYZEG01,SIYZEG
SIZPIB01,SIZPIB
SOFTEN01,SOFTEN
SOHQAI01,SOHQAI
SOJVET01,SOJVET
SOLMOW01,SOLMOW
SOMYAW01,SOMYAW
SOMZAX01,SOMZAX
SOMZEB01,SOMZEB
SOMZIF01,SOMZIF
SONHOT02,SONHOT
SONMIT01,SONMIT
SONNAM01,SONNAM
SOWDAL01,SOWDAL
SOXGOC02,SOXGOC01
SOZMOL01,SOZMOL
SUBBIC01,SUBBIC
SUKWEC01,SUKWEC
SUPJEU01,SUPJEU
SUPREC01,SUPREC
SUQLAS02,SUQLAS01
SUQLAS03,SUQLAS
SURVEH01,SURVEH
SUTTOR01,SUTTOR
SUTYUB01,SUTYUB
SUXLEE01,SUXLEE
SUZGOK01,SUZGOK
TACLUH01,TACLUH
TAGZAD01,TAGZAD
TAGZEH01,TAGZEH
TAHXUW01,TAHXUW
TALXEK01,TALXEK
TAPGAV01,TAPGAV
TAQKII01,TAQKII
TASLOR01,TASLOR
TASLUX01,TASLUX
TASMAE01,TASMAE
TASMEI01,TASMEI
TASROX01,TASROX
TAWLIP01,TAWLIP
TAWLUZ02,TAWLUZ01
TAWXOH01,TAWXOH
TAYLOW01,TAYLOW
TEFVEG01,TEFVEG
TEJHAS01,TEJHAS
TEJKAV01,TEJKAV
TENVEQ01,TENVEQ
TERWIZ01,TERWIZ
TESCAX01,TESCAX
TEWTIA01,TEWTIA
TEXRIY01,TEXRIY
TEYFOV01,TEYFOV
TEYHOX01,TEYHOX
TEZVAW01,TEZVAW
TICFET01,TICFET
TICZUD01,TICZUD
TIDFOC01,TIDFOC
TIDFOC02,TIDFOC
TIFQOO01,TIFQOO
TIGNAB01,TIGNAB
TIGNEF01,TIGNEF
TIGNIJ01,TIGNIJ
TIGNOP01,TIGNOP
TIGNUV01,TIGNUV
TIHNOO01,TIHNOO
TIMYOF02,TIMYOF01
TIPREQ02,TIPREQ01
TIQNEP01,TIQNEP
TIRRUK01,TIRRUK
TISDIL01,TISDIL
TISDOR01,TISDOR
TITZIH02,TITZIH01
TIXQUM03,TIXQUM01
TOCSAF01,TOCSAF
TOFZUL01,TOFZUL
TOGXUK01,TOGXUK
TOGYEV01,TOGYEV
TOGYIZ01,TOGYIZ
TOHMAG01,TOHMAG
TORPEX02,TORPEX01
TOSTEC01,TOSTEC
TOSTIG01,TOSTIG
TOSTOM01,TOSTOM
TOSTUS01,TOSTUS
TOTVAB01,TOTVAB
TOYTUY02,TOYTUY
TOZKAW02,TOZKAW
TPETAN03,TPETAN02
TSTILB18,TSTILB17
TUCQUE01,TUCQUE
TUDQOA02,TUDQOA
TUDQOA03,TUDQOA01
TUGROE03,TUGROE02
TUGSUL01,TUGSUL
TUPKAS01,TUPKAS
TUPZEJ01,TUPZEJ
TUQLIB01,TUQLIB
TUQQEB01,TUQQEB
TUQQIF01,TUQQIF
TUSDUG01,TUSDUG
TUTMOM01,TUTMOM
TUVBUI01,TUVBUI
TUVCAP01,TUVCAP
TUXMOQ01,TUXMOQ
TUZGUS01,TUZGUS
UBOWUD01,UBOWUD
UCEKUJ01,UCEKUJ
UCICAN01,UCICAN
UCIFOD01,UCIFOD
UCIHIZ01,UCIHIZ
UCIXUB02,UCIXUB
UCOQIN01,UCOQIN
UDACIO01,UDACIO
UDEDEN01,UDEDEN
UDENOJ01,UDENOJ
UDOQOV01,UDOQOV
UDOQUB01,UDOQUB
UDORAI01,UDORAI
UDOTAL01,UDOTAL
UFAKUI01,UFAKUI
UFARIF01,UFARIF
UFAROL01,UFAROL
UFEYAI01,UFEYAI
UGECEP01,UGECEP
UGIFEW01,UGIFEW
UGIFIA01,UGIFIA
UHAVAB01,UHAVAB
UHOXOF01,UHOXOF
UHUFEK01,UHUFEK
UHUFIO01,UHUFIO
UHUPAQ01,UHUPAQ
UHUPEU01,UHUPEU
UHUQOE01,UHUQOE
UHUVEA01,UHUVEA
UHUWEB01,UHUWEB
UJUSUN01,UJUSUN
UKABEN01,UKABEN
UKAGOC01,UKAGOC
UKAKIA01,UKAKIA
UKUJIT01,UKUJIT
ULIPEL01,ULIPEL
UMASIL01,UMASIL
UMASOR01,UMASOR
UMIZAT01,UMIZAT
UNESAI01,UNESAI
UPAMUU01,UPAMUU
UPAXOZ01,UPAXOZ
UPAZAO01,UPAZAO
UPAZES01,UPAZES
UPAZIW01,UPAZIW
UPECUP01,UPECUP
UPENAG01,UPENAG
UPENEK01,UPENEK
UPENIO01,UPENIO
UPETIU01,UPETIU
UPIMUD01,UPIMUD
UQUNEB01,UQUNEB
UQUNIF01,UQUNIF
UQUNOL01,UQUNOL
UROGUF01,UROGUF
URURIK01,URURIK
USEGIK01,USEGIK
USODUC01,USODUC
USOLOF01,USOLOF
USOLUL01,USOLUL
UVAQOZ01,UVAQOZ
UWILUJ01,UWILUJ
UWIMAQ01,UWIMAQ
UWUGIE01,UWUGIE
UWUTAI01,UWUTAI
UYAQIW01,UYAQIW
UYAXOJ01,UYAXOJ
UYOCIW01,UYOCIW
UYOCOC01,UYOCOC
UYOCUI01,UYOCUI
UZAJOW01,UZAJOW
UZAKAJ01,UZAKAJ
UZAKEN01,UZAKEN
UZAKIR01,UZAKIR
UZAKOX01,UZAKOX
UZAKUD01,UZAKUD
UZALAK01,UZALAK
UZALEO01,UZALEO
UZALIS01,UZALIS
UZEMAP01,UZEMAP
UZIRUR01,UZIRUR
UZISEC01,UZISEC
UZUJEF02,UZUJEF
VACKAN01,VACKAN
VACKIV01,VACKIV
VACMOD01,VACMOD
VALKOJ01,VALKOJ
VAMFEV01,VAMFEV
VAMTAF01,VAMTAF
VANXAK01,VANXAK
VANXEO01,VANXEO
VASBAU01,VASBAU
VASVUH01,VASVUH
VASWAO01,VASWAO
VATJUW01,VATJUW
VAXNAM01,VAXNAM
VEBPIE01,VEBPIE
VECJOF01,VECJOF
VEDDUG01,VEDDUG
VEDFAO01,VEDFAO
VEDFAO02,VEDFAO
VEDFES01,VEDFES
VEDFES02,VEDFES
VEDFIW01,VEDFIW
VEDFIW02,VEDFIW
VEFDAN01,VEFDAN
VEHLOL01,VEHLOL
VEJVUE02,VEJVUE01
VELCOH01,VELCOH
VELQIP01,VELQIP
VELQOV01,VELQOV
VELQUB01,VELQUB
VELSAI01,VELSAI
VENDAW01,VENDAW
VENGUT01,VENGUT
VENMAE01,VENMAE
VEPCOL01,VEPCOL
VEQRUH01,VEQRUH
VERYOH01,VERYOH
VESMUE01,VESMUE
VEVTAU01,VEVTAU
VEWCEI01,VEWCEI
VIHGUP01,VIHGUP
VIHJON02,VIHJON
VIKJIL01,VIKJIL
VIKKOQ01,VIKKOQ
VIKMIM01,VIKMIM
VIMNUD01,VIMNUD
VINRIU01,VINRIU
VIQCAB01,VIQCAB
VIQPUH01,VIQPUH
VISGUA01,VISGUA
VIWPUN01,VIWPUN
VIXSUQ01,VIXSUQ
VIXYOQ01,VIXYOQ
VIZPAX01,VIZPAX
VODNOR01,VODNOR
VOJDII01,VOJDII
VOJJOU01,VOJJOU
VOJKEL01,VOJKEL
VORTUS01,VORTUS
VUCFEG01,VUCFEG
VUCGAD01,VUCGAD
VUDZAX01,VUDZAX
VUHQEW01,VUHQEW
VUHYII01,VUHYII
VUJNUL01,VUJNUL
VUKHUG01,VUKHUG
VUSTEJ01,VUSTEJ
VUWKAB01,VUWKAB
WADLIY01,WADLIY
WAFRIG01,WAFRIG
WAPREM01,WAPREM
WASJOS01,WASJOS
WASJUY01,WASJUY
WATFOP01,WATFOP
WEBYAG01,WEBYAG
WECLAU01,WECLAU
WECYIN01,WECYIN
WEMWIX01,WEMWIX
WEMWOD01,WEMWOD
WEPKUA01,WEPKUA
WEQCON01,WEQCON
WEQNIS01,WEQNIS
WESKIR01,WESKIR
WETZUR01,WETZUR
WEVBAB01,WEVBAB
WEWGIO02,WEWGIO01
WEWPOG01,WEWPOG
WEWWUQ01,WEWWUQ
WEWXEB01,WEWXEB
WEXBOQ01,WEXBOQ
WEXFUA01,WEXFUA
WEXWEC03,WEXWEC02
WEZLUL01,WEZLUL
WEZYIM01,WEZYIM
WIBJOH01,WIBJOH
WICNUT01,WICNUT
WIFXIU01,WIFXIU
WILQUG01,WILQUG
WIPBIH01,WIPBIH
WITDEK02,WITDEK
WITDEK03,WITDEK01
WITDUA02,WITDUA
WITDUA03,WITDUA01
WITDUA05,WITDUA04
WITFAI01,WITFAI
WIXCEM01,WIXCEM
WIXTED01,WIXTED
WIZQAX02,WIZQAX01
WIZWIL01,WIZWIL
WOBFAV01,WOBFAV
WOHZEZ01,WOHZEZ
WONLAN01,WONLAN
WOQPEY01,WOQPEY
WOVQOP01,WOVQOP
WOVQUV01,WOVQUV
WOVRAC01,WOVRAC
WOXJOK01,WOXJOK
WOYGIC01,WOYGIC
WUDMEO01,WUDMEO
WUDMIT01,WUDMIT
WUDQAP01,WUDQAP
WUDQET01,WUDQET
WUFHEM01,WUFHEM
WUFTUM01,WUFTUM
WUFTUM02,WUFTUM
WUKFIT01,WUKFIT
WUKGUG01,WUKGUG
WULTIH01,WULTIH
WULTON01,WULTON
WULTUT01,WULTUT
WUPFIX01,WUPFIX
WUPPUU01,WUPPUU
WUTMII01,WUTMII
WUTMOO01,WUTMOO
WUTMUU01,WUTMUU
WUTSEK01,WUTSEK
XADPIC01,XADPIC
XAGDAN01,XAGDAN
XAGJAQ01,XAGJAQ
XAGNAX01,XAGNAX
XAGNEB01,XAGNEB
XAGNIF01,XAGNIF
XAGNOL01,XAGNOL
XAKJIF01,XAKJIF
XAMTEN01,XAMTEN
XAQDIF01,XAQDIF
XAQDOL01,XAQDOL
XARGEE01,XARGEE
XARMUA02,XARMUA01
XARVAN01,XARVAN
XASFUV01,XASFUV
XASRUG01,XASRUG
XASSAN01,XASSAN
XAVFEG01,XAVFEG
XAVFIM01,XAVFIM
XAVFOS01,XAVFOS
XAVLIQ01,XAVLIQ
XAVLIQ02,XAVLIQ
XEBCUD01,XEBCUD
XEBFIU01,XEBFIU
XECJEU02,XECJEU01
XEFKEB01,XEFKEB
XEFQOR01,XEFQOR
XEHQOR01,XEHQOR
XEHSEK01,XEHSEK
XEJCEX01,XEJCEX
XEJDUO01,XEJDUO
XEJFAW01,XEJFAW
XELDUO01,XELDUO
XELNAG01,XELNAG
XENPEO01,XENPEO
XENQAL01,XENQAL
XENQEN01,XENQEN
XENQEP01,XENQEP
XEVMAP01,XEVMAP
XEYTOL01,XEYTOL
XEZKAR01,XEZKAR
XIDPAE01,XIDPAE
XIDPEI01,XIDPEI
XIDPIM01,XIDPIM
XIDQUW01,XIDQUW
XIFLAA01,XIFLAA
XIFROU01,XIFROU
XIFSIP01,XIFSIP
XIKNIR01,XIKNIR
XIKNUA01,XIKNUA
XILFOP01,XILFOP
XILFUV01,XILFUV
XILGAC01,XILGAC
XILYEX01,XILYEX
XINCUS02,XINCUS01
XINLIS01,XINLIS
XINXUQ01,XINXUQ
XIPZUU01,XIPZUU
XIRKIU01,XIRKIU
XIWXUX01,XIWXUX
XIXBEM01,XIXBEM
XIXBIQ01,XIXBIQ
XOBKUW01,XOBKUW
XODDUQ01,XODDUQ
XOGJOT01,XOGJOT
XOHWEY01,XOHWEY
XOJDIK01,XOJDIK
XOVKEY01,XOVKEY
XOVXUB01,XOVXUB
XOVYAI01,XOVYAI
XOXZIT01,XOXZIT
XUBCOM01,XUBCOM
XUXQAI01,XUXQAI
XUYKAF01,XUYKAF
XUYKEJ01,XUYKEJ
YACXOQ01,YACXOQ
YANNAF01,YANNAF
YASDAY01,YASDAY
YATGUX01,YATGUX
YAVTUM01,YAVTUM
YAXVUQ01,YAXVUQ
YAYSEZ01,YAYSEZ
YEBTOQ01,YEBTOQ
YEFFIB01,YEFFIB
YEFFUN01,YEFFUN
YEFMAY01,YEFMAY
YEGBIW01,YEGBIW
YEGBOC01,YEGBOC
YEMJOS01,YEMJOS
YEQJOW01,YEQJOW
YERGOU01,YERGOU
YERGUA01,YERGUA
YEVVON01,YEVVON
YEWLOC01,YEWLOC
YEYNEW02,YEYNEW
YICTEM01,YICTEM
YICTIQ01,YICTIQ
YICZOC01,YICZOC
YIFZIX01,YIFZIX
YIGVOB01,YIGVOB
YIJSUH01,YIJSUH
YIQXEC01,YIQXEC
YIQXON01,YIQXON
YISDUB01,YISDUB
YOCVIW01,YOCVIW
YOJBAA01,YOJBAA
YOJWOL01,YOJWOL
YOLNIY01,YOLNIY
YORFIW01,YORFIW
YORFOC01,YORFOC
YORLEX01,YORLEX
YOTVUZ01,YOTVUZ
YOTXIP01,YOTXIP
YUCTEX01,YUCTEX
YUDKIS01,YUDKIS
YUQYEP01,YUQYEP
YURQIM01,YURQIM
YUZCUT01,YUZCUT
YUZHEI01,YUZHEI
YUZZIE01,YUZZIE
ZABPEA01,ZABPEA
ZAQFEE01,ZAQFEE
ZAQGIJ01,ZAQGIJ
ZARJAG01,ZARJAG
ZASRIX01,ZASRIX
ZATKOX02,ZATKOX
ZATLEO02,ZATLEO
ZATRAQ01,ZATRAQ
ZAZSAX01,ZAZSAX
ZEFQAF01,ZEFQAF
ZEFYIV01,ZEFYIV
ZEGBEV01,ZEGBEV
ZEGPIN01,ZEGPIN
ZEJGAZ01,ZEJGAZ
ZEPCAB01,ZEPCAB
ZEPFOS01,ZEPFOS
ZEWROL01,ZEWROL
ZEWXUX01,ZEWXUX
ZEWYEI01,ZEWYEI
ZIFGAZ01,ZIFGAZ
ZIGHOP01,ZIGHOP
ZIPCIN01,ZIPCIN
ZIRFAJ01,ZIRFAJ
ZITYOS01,ZITYOS
ZITYUY01,ZITYUY
ZITZAF01,ZITZAF
ZITZEJ01,ZITZEJ
ZIYJEY01,ZIYJEY
ZODLAH01,ZODLAH
ZODLEL01,ZODLEL
ZODLIP01,ZODLIP
ZOHFEJ01,ZOHFEJ
ZOMDEM01,ZOMDEM
ZOMZOS01,ZOMZOS
ZOPGOC01,ZOPGOC
ZOTDAP01,ZOTDAP
ZOVCIW01,ZOVCIW
ZOYQOV01,ZOYQOV
ZOYQUB01,ZOYQUB
ZOZLAD01,ZOZLAD
ZUHTED02,ZUHTED
ZUYHOS01,ZUYHOS
ZUYKOV01,ZUYKOV
ZUZJAH01,ZUZJAH
ZZZKPE09,ZZZKPE08
