ABOMIN01,ABOMIN
ABOMUZ01,ABOMUZ
ANUXUD01,ANUXUD
APAJOR01,APAJOR
AZIQUX01,AZIQUX
BIHJEJ01,BIHJEJ
CUVJAF01,CUVJAF
DACBOZ01,DACBOZ
DOCVUM05,DOCVUM04
DUQMEJ01,DUQMEJ
ECEFID01,ECEFID
ECEFUP01,ECEFUP
EGATIP01,EGATIP
EZIFOJ01,EZIFOJ
EZIGAW01,EZIGAW
FERSIF01,FERSIF
FEZPUY01,FEZPUY
FUVZON01,FUVZON
FUWBEG01,FUWBEG
GAJHAD01,GAJHAD
GEGQOA01,GEGQOA
GEGQUG01,GEGQUG
HAGMOS,HAGMOS01
HUBXEH01,HUBXEH
IFENUE01,IFENUE
IGUQEG02,IGUQEG01
IGUQEG03,IGUQEG
IGUQIK01,IGUQIK
IHAPAK01,IHAPAK
IMIJIX01,IMIJIX
IMIJOD01,IMIJOD
JASSII01,JASSII
KANLEQ01,KANLEQ
KELJAM01,KELJAM
KEQLOH01,KEQLOH
KOBNEV01,KOBNEV
LAXNOQ01,LAXNOQ
LEMVUX01,LEMVUX
LENPAW01,LENPAW
LENPEA01,LENPEA
LEPBOY01,LEPBOY
LODNOI01,LODNOI
LOTYUO01,LOTYUO
LUMHIL01,LUMHIL
MAZHAZ01,MAZHAZ
MEGRUL01,MEGRUL
MOLWAN02,MOLWAN01
MOTGIM01,MOTGIM
MUJBOK01,MUJBOK
MUSLOB01,MUSLOB
NAPJOE01,NAPJOE
NAPMEZ01,NAPMEZ
NATLOL01,NATLOL
NEBDII01,NEBDII
NEJWUX01,NEJWUX
NIRYOC01,NIRYOC
NIRYUI01,NIRYUI
NOGDUK01,NOGDUK
NOQZUP02,NOQZUP
OJIYUD01,OJIYUD
OTIBAW01,OTIBAW
OXAGEB01,OXAGEB
OZECAY04,OZECAY03
PAFXOL01,PAFXOL
PAHXAZ02,PAHXAZ
PATFEX01,PATFEX
PIDDIS01,PIDDIS
PIDDOY01,PIDDOY
PIYZON01,PIYZON
PUDWOB01,PUDWOB
PUDWUH02,PUDWUH
QAGJUG01,QAGJUG
QAMRON01,QAMRON
QIDKEW01,QIDKEW
QOBQIH01,QOBQIH
QOBQIH02,QOBQIH
QOQDIJ01,QOQDIJ
QOQMAL01,QOQMAL
QUJZEB01,QUJZEB
REKYUE01,REKYUE
RUDREP01,RUDREP
SARMEF01,SARMEF
SARMIJ01,SARMIJ
SEMYAN01,SEMYAN
SEQNEK01,SEQNEK
SOFTEN01,SOFTEN
SURVEH01,SURVEH
TEJKAV01,TEJKAV
TEXRIY01,TEXRIY
TICZUD01,TICZUD
TIFQOO01,TIFQOO
UFARIF01,UFARIF
UHUQOE01,UHUQOE
UJUSUN01,UJUSUN
UKAGOC01,UKAGOC
UKUJIT01,UKUJIT
UPAZAO01,UPAZAO
UPAZES01,UPAZES
UPAZIW01,UPAZIW
UPENAG01,UPENAG
UPENEK01,UPENEK
UPENIO01,UPENIO
UPETIU01,UPETIU
USOLUL01,USOLUL
VEQRUH01,VEQRUH
VORTUS01,VORTUS
XARVAN01,XARVAN
XASRUG01,XASRUG
XIDPAE01,XIDPAE
XIDPEI01,XIDPEI
XIDPIM01,XIDPIM
XIWXUX01,XIWXUX
XOBKUW01,XOBKUW
XOJDIK01,XOJDIK
XOVXUB01,XOVXUB
XOVYAI01,XOVYAI
XUBCOM01,XUBCOM
YEFFIB01,YEFFIB
YEGBIW01,YEGBIW
YUZHEI01,YUZHEI
ZARJAG01,ZARJAG
ZEJGAZ01,ZEJGAZ
ZOVCIW01,ZOVCIW
ZOZLAD01,ZOZLAD
