APAJOR01,APAJOR
BECPAD01,BECPAD
BERHOY02,BERHOY
BEWZEJ02,BEWZEJ01
BEWZEJ03,BEWZEJ
BEZCUH01,BEZCUH
BOWHIF01,BOWHIF
BUGROL01,BUGROL
COMZOT01,COMZOT
COSCUJ01,COSCUJ
COSDEU01,COSDEU
DUKKAW01,DUKKAW
EFETEQ01,EFETEQ
EGAFIC01,EGAFIC
ERIVOS02,ERIVOS
ERIVUY01,ERIVUY
ETEXIK03,ETEXIK01
EYOJAF01,EYOJAF
GEDBIB01,GEDBIB
HAJMUC01,HAJMUC
HEZBEU01,HEZBEU
HEZBIY01,HEZBIY
HIMTIG01,HIMTIG
HISMOM01,HISMOM
HUDLOJ01,HUDLOJ
IDUXAG01,IDUXAG
IDUXEK01,IDUXEK
KEZLOT01,KEZLOT
LAXYIV01,LAXYIV
LEZKAF01,LEZKAF
LEZKEJ01,LEZKEJ
LIHZEI01,LIHZEI
LIJKAQ01,LIJKAQ
LIJNUN01,LIJNUN
LOTYUO01,LOTYUO
LOZPAT01,LOZPAT
MIKYOV01,MIKYOV
MUBHOG01,MUBHOG
MUBHUM01,MUBHUM
NAPMEZ01,NAPMEZ
NILCAM01,NILCAM
NOVVOJ02,NOVVOJ01
NUWZUC01,NUWZUC
OHULUZ01,OHULUZ
OHUMAG01,OHUMAG
PIGDIV01,PIGDIV
QOZWOT02,QOZWOT
REWHUX01,REWHUX
REWJAF01,REWJAF
REWJEJ01,REWJEJ
REWJIN01,REWJIN
REWJOT01,REWJOT
RUMHIR01,RUMHIR
RUPZUY01,RUPZUY
SIPVOC01,SIPVOC
TOHHED03,TOHHED02
TOHQUD01,TOHQUD
UGAJUH01,UGAJUH
UGAKAO01,UGAKAO
UHUQOE01,UHUQOE
UNAGIA01,UNAGIA
UNAGOG01,UNAGOG
VAMTAF01,VAMTAF
WEZYIM01,WEZYIM
WIRYEB03,WIRYEB02
WIRYEB04,WIRYEB02
XATGEG01,XATGEG
XIFROU01,XIFROU
XIRSOG01,XIRSOG
XIZMOJ01,XIZMOJ
XOLNES01,XOLNES
XOLNIW01,XOLNIW
XOLNOC01,XOLNOC
XUDVOH02,XUDVOH01
XUDVOH03,XUDVOH01
YISZIK01,YISZIK
YISZOQ01,YISZOQ
ZIBGEZ01,ZIBGEZ
ZOYQOV01,ZOYQOV
ZOYQUB01,ZOYQUB
