file,deleted
ABAMEX01_extracted.pdb,Y
ABEFOE01_extracted.pdb,Y
ABEGAR01_extracted.pdb,Y
ABEGIZ01_extracted.pdb,Y
ABEKUN_extracted.pdb,Y
ABELAU_extracted.pdb,Y
ABELEY_extracted.pdb,Y
ABELIC_extracted.pdb,Y
ABELOI_extracted.pdb,Y
ACDMNP_extracted.pdb,N
ACEDOE_extracted.pdb,Y
ACEDUK_extracted.pdb,Y
ACIVOZ_extracted.pdb,Y
ACIVUF_extracted.pdb,Y
ACIWAM_extracted.pdb,Y
ACIWEQ_extracted.pdb,Y
ACIWIU_extracted.pdb,Y
ADACIR_extracted.pdb,N
ADAVEH_extracted.pdb,Y
ADEZIT_extracted.pdb,Y
ADEZOZ_extracted.pdb,Y
ADIPOU_extracted.pdb,N
ADOJAG_extracted.pdb,Y
ADOMOW_extracted.pdb,N
ADOSER_extracted.pdb,Y
ADUNUI_extracted.pdb,N
ADUWED_extracted.pdb,Y
AFEHAU_extracted.pdb,Y
AFEHEY_extracted.pdb,Y
AFEKUT_extracted.pdb,Y
AFELAA_extracted.pdb,Y
AFINIO_extracted.pdb,Y
AFONOY_extracted.pdb,Y
AFURID_extracted.pdb,Y
AGAZEN_extracted.pdb,N
AGIVUH_extracted.pdb,M
AGIWIW_extracted.pdb,M
AGUBUB_extracted.pdb,Y
AGUBUZ_extracted.pdb,N
AGUCAG_extracted.pdb,N
AGUCAI_extracted.pdb,Y
AGUCEM_extracted.pdb,Y
AGUZAF_extracted.pdb,Y
AHARFU01_extracted.pdb,Y
AHOYEB_extracted.pdb,N
AHOYIF_extracted.pdb,N
AIPCUR01_extracted.pdb,Y
AJIBUQ_extracted.pdb,N
AJOHUD_extracted.pdb,N
AJOJAL_extracted.pdb,N
AJOKOA_extracted.pdb,N
AJOKUG_extracted.pdb,Y
AJOLAN_extracted.pdb,Y
AJUROM_extracted.pdb,N
AJURUS_extracted.pdb,N
AJUSAZ_extracted.pdb,N
AKACOG_extracted.pdb,N
AKACUM_extracted.pdb,N
AKACUM01_extracted.pdb,N
AKADEX_extracted.pdb,N
AKADIB_extracted.pdb,N
AKUZEM_extracted.pdb,Y
ALETUG01_extracted.pdb,N
ALOSAV_extracted.pdb,Y
ALUNAW_extracted.pdb,Y
AMANCW_extracted.pdb,N
AMEMAH_extracted.pdb,Y
AMEMEL_extracted.pdb,Y
AMEMIP_extracted.pdb,Y
AMEMOV_extracted.pdb,Y
AMEMUB_extracted.pdb,Y
AMTHTZ_extracted.pdb,Y
AMTPYM_extracted.pdb,Y
AMUHEW_extracted.pdb,Y
AMUHIA_extracted.pdb,Y
AMUHOG_extracted.pdb,Y
ANDRSO_extracted.pdb,Y
ANISAS_extracted.pdb,N
ANISEW_extracted.pdb,N
ANUSOT_extracted.pdb,N
ANUSUZ_extracted.pdb,N
ANUTAG_extracted.pdb,N
ANUTEK_extracted.pdb,N
ANUTIO_extracted.pdb,N
ANUTOU_extracted.pdb,N
ANUVUC_extracted.pdb,Y
ANUWEM_extracted.pdb,Y
APAGAB_extracted.pdb,Y
APAJOR01_extracted.pdb,N
APAJOR02_extracted.pdb,Y
APAPAD01_extracted.pdb,M
APAPAD10_extracted.pdb,Y
APHOUA_extracted.pdb,N
APHOUB_extracted.pdb,Y
APIWON_extracted.pdb,Y
APIWUT_extracted.pdb,Y
APUFUO_extracted.pdb,Y
APUGAV_extracted.pdb,Y
APUGEZ_extracted.pdb,Y
APUSAF_extracted.pdb,Y
APUSAF01_extracted.pdb,Y
APXBZA_extracted.pdb,Y
AQARUF01_extracted.pdb,Y
AQETUN_extracted.pdb,Y
AQEVAV_extracted.pdb,Y
AQEVEZ_extracted.pdb,Y
AQEVID_extracted.pdb,Y
AQEVOJ_extracted.pdb,Y
AQONUP_extracted.pdb,Y
ARATUR10_extracted.pdb,Y
ARBIMC10_extracted.pdb,Y
ARFIMP10_extracted.pdb,Y
AROBUG_extracted.pdb,N
AROCAN_extracted.pdb,N
AROCER_extracted.pdb,N
AROCIV_extracted.pdb,N
AROCOB_extracted.pdb,N
AROCUH_extracted.pdb,N
AROQIJ_extracted.pdb,Y
AROQOP_extracted.pdb,Y
AROQUV_extracted.pdb,Y
ARUFAW_extracted.pdb,N
ARUFEA_extracted.pdb,N
ASAHAF_extracted.pdb,Y
ASETOI01_extracted.pdb,Y
ASETOI02_extracted.pdb,Y
ASETOI03_extracted.pdb,Y
ASIJER_extracted.pdb,Y
ASIJIV_extracted.pdb,Y
ASIJOB_extracted.pdb,Y
ASIJUH_extracted.pdb,Y
ASIKAO_extracted.pdb,Y
ASIKES_extracted.pdb,Y
ASIKIW_extracted.pdb,Y
ASIKOC_extracted.pdb,Y
ASIYAD_extracted.pdb,Y
ASIYEH_extracted.pdb,Y
ASOXAI_extracted.pdb,Y
ASTHYM10_extracted.pdb,Y
ATEGAH_extracted.pdb,M
ATEMOB_extracted.pdb,M
ATEMUH_extracted.pdb,M
ATOFIZ_extracted.pdb,Y
ATOFOF_extracted.pdb,Y
ATOKUR_extracted.pdb,Y
ATONOO_extracted.pdb,Y
ATULEI_extracted.pdb,Y
AVIHAQ_extracted.pdb,N
AVIZEM_extracted.pdb,Y
AVIZIQ_extracted.pdb,Y
AVUZUO_extracted.pdb,Y
AWABAD_extracted.pdb,Y
AWEXOQ_extracted.pdb,N
AWEXUW_extracted.pdb,N
AWEYAD_extracted.pdb,N
AWEYEH_extracted.pdb,N
AWEYIL_extracted.pdb,N
AWUPUF_extracted.pdb,Y
AWUQAM_extracted.pdb,Y
AWUQEQ_extracted.pdb,Y
AWUQIU_extracted.pdb,Y
AWUQOA_extracted.pdb,N
AWUQUG_extracted.pdb,Y
AWURAN_extracted.pdb,Y
AWURER_extracted.pdb,N
AWURIV_extracted.pdb,Y
AWUROB_extracted.pdb,Y
AWURUH_extracted.pdb,Y
AWUSAO_extracted.pdb,Y
AWUSES_extracted.pdb,Y
AWUSUH_extracted.pdb,Y
AXIJOI_extracted.pdb,Y
AXUGUX_extracted.pdb,Y
AXUHAE_extracted.pdb,Y
AYIVAF_extracted.pdb,Y
AYOHEB_extracted.pdb,Y
AYOHIF_extracted.pdb,Y
AYOHOL_extracted.pdb,Y
AYOHUR_extracted.pdb,Y
AYOJAZ_extracted.pdb,Y
AYOJED_extracted.pdb,Y
AYOQAH_extracted.pdb,Y
AYOYIX_extracted.pdb,Y
AYUPUG_extracted.pdb,Y
AZADUA_extracted.pdb,N
AZAZUX_extracted.pdb,N
AZEBAJ_extracted.pdb,N
AZEBEN_extracted.pdb,N
AZEBIR_extracted.pdb,N
AZESUV_extracted.pdb,N
AZETEG_extracted.pdb,Y
AZFURD_extracted.pdb,M
AZIHUO_extracted.pdb,Y
AZOCTA10_extracted.pdb,M
AZOCTB10_extracted.pdb,M
AZOCTC10_extracted.pdb,M
AZOVOB_extracted.pdb,Y
AZPACN_extracted.pdb,Y
AZTYMD_extracted.pdb,Y
AZUBUT_extracted.pdb,Y
AZURID10_extracted.pdb,Y
AZURPH_extracted.pdb,Y
BACRIN_extracted.pdb,M
BACRUT_extracted.pdb,Y
BAHCAO_extracted.pdb,Y
BAJTAK_extracted.pdb,Y
BAKROU_extracted.pdb,Y
BAKZOC_extracted.pdb,Y
BALMIN_extracted.pdb,Y
BAMYEW_extracted.pdb,N
BANXUJ_extracted.pdb,N
BAPQUE_extracted.pdb,M
BAQWUO_extracted.pdb,Y
BARBAX_extracted.pdb,Y
BARLIS_extracted.pdb,Y
BATLOZ_extracted.pdb,Y
BATLUF_extracted.pdb,Y
BATMEQ_extracted.pdb,Y
BATMIU_extracted.pdb,Y
BATVUP_extracted.pdb,N
BATWAW_extracted.pdb,N
BATWEA_extracted.pdb,N
BATWIE_extracted.pdb,N
BAWPOH_extracted.pdb,Y
BAYJAP_extracted.pdb,Y
BAYJET_extracted.pdb,Y
BAYTUR_extracted.pdb,N
BAZSAZ_extracted.pdb,Y
BCDEXD_extracted.pdb,M
BCDEXD02_extracted.pdb,M
BCDEXD10_extracted.pdb,N
BCMXHP_extracted.pdb,Y
BDFACM_extracted.pdb,Y
BEBFAP_extracted.pdb,Y
BEBJAT_extracted.pdb,N
BECPAD01_extracted.pdb,Y
BEDSUA_extracted.pdb,Y
BEDTAH_extracted.pdb,Y
BEDWEP_extracted.pdb,Y
BEDYIV_extracted.pdb,Y
BEFXES_extracted.pdb,Y
BEGBOE_extracted.pdb,Y
BEGRIQ_extracted.pdb,Y
BEGYEU_extracted.pdb,N
BEGYIW_extracted.pdb,N
BEGYIW01_extracted.pdb,N
BEGYIY_extracted.pdb,Y
BEJKIK_extracted.pdb,Y
BELZEX_extracted.pdb,Y
BEMMEN_extracted.pdb,Y
BEPSAT_extracted.pdb,Y
BEPSIB_extracted.pdb,Y
BEQKEP_extracted.pdb,Y
BEQLOB_extracted.pdb,Y
BEQLUH_extracted.pdb,Y
BEQMAO_extracted.pdb,Y
BEQMES_extracted.pdb,Y
BEQMIW_extracted.pdb,Y
BEQYIH_extracted.pdb,Y
BEQYON_extracted.pdb,Y
BEQYUT_extracted.pdb,Y
BEQZAA_extracted.pdb,Y
BEQZEE_extracted.pdb,Y
BEQZII_extracted.pdb,Y
BERFEM_extracted.pdb,Y
BERHOY02_extracted.pdb,Y
BESBIN_extracted.pdb,Y
BESBOT_extracted.pdb,Y
BESLUG_extracted.pdb,Y
BETXOQ_extracted.pdb,Y
BEVGUE_extracted.pdb,N
BEWNAU_extracted.pdb,Y
BEWYOS_extracted.pdb,Y
BEWYUY_extracted.pdb,Y
BEWZEJ_extracted.pdb,Y
BEWZEJ01_extracted.pdb,Y
BEWZEJ02_extracted.pdb,Y
BEWZEJ03_extracted.pdb,Y
BEWZOV_extracted.pdb,Y
BEXMEX_extracted.pdb,Y
BEXWEI_extracted.pdb,Y
BEXYAG_extracted.pdb,Y
BEXYEK_extracted.pdb,Y
BEYCEN_extracted.pdb,Y
BEYCIR_extracted.pdb,Y
BEZCUH01_extracted.pdb,Y
BHPMYC02_extracted.pdb,M
BHPMYC03_extracted.pdb,M
BHPMYC04_extracted.pdb,N
BHPMYC05_extracted.pdb,M
BHPMYC06_extracted.pdb,M
BIBLEE_extracted.pdb,Y
BIBLII_extracted.pdb,Y
BIBLOO_extracted.pdb,Y
BIBLUU_extracted.pdb,Y
BIFTAN_extracted.pdb,Y
BIGMAG_extracted.pdb,Y
BIHPOZ_extracted.pdb,Y
BIJNIS_extracted.pdb,Y
BIJNOY_extracted.pdb,Y
BILWOI_extracted.pdb,Y
BIMXOL_extracted.pdb,N
BIMXUR_extracted.pdb,Y
BISMEX_extracted.pdb,Y
BISMIB_extracted.pdb,Y
BITDEN_extracted.pdb,Y
BITDIR_extracted.pdb,Y
BITWUZ_extracted.pdb,Y
BITXAG_extracted.pdb,Y
BITXEK_extracted.pdb,Y
BITXIO_extracted.pdb,Y
BIWDUG_extracted.pdb,Y
BIWVAE_extracted.pdb,N
BIWVIM_extracted.pdb,Y
BIXGUL_extracted.pdb,Y
BIXHAS_extracted.pdb,Y
BIXHEW_extracted.pdb,Y
BIXHIA_extracted.pdb,Y
BIYSUY_extracted.pdb,Y
BIZZUG_extracted.pdb,Y
BMATZO_extracted.pdb,Y
BMOXZO_extracted.pdb,M
BMPOLI_extracted.pdb,M
BOBPEN_extracted.pdb,N
BOBPIR_extracted.pdb,N
BOCZUO_extracted.pdb,N
BOCZUO01_extracted.pdb,N
BOCZUO02_extracted.pdb,N
BODFEF_extracted.pdb,Y
BOFGAG_extracted.pdb,N
BOFGEK_extracted.pdb,N
BOFGIO_extracted.pdb,N
BOFGOU_extracted.pdb,N
BOFWIC_extracted.pdb,Y
BOFWOI_extracted.pdb,Y
BOHXEC_extracted.pdb,N
BOHXIG_extracted.pdb,N
BOKSUP_extracted.pdb,Y
BOKTUS_extracted.pdb,Y
BOKVAA_extracted.pdb,Y
BONBIR_extracted.pdb,Y
BONBIR01_extracted.pdb,Y
BONBOX_extracted.pdb,Y
BONPOL_extracted.pdb,Y
BOPBAJ01_extracted.pdb,N
BOPHUK_extracted.pdb,Y
BOPKUN_extracted.pdb,N
BOSNED_extracted.pdb,M
BOSNIH_extracted.pdb,M
BOSPOQ_extracted.pdb,N
BOSZEP_extracted.pdb,N
BOSZIT_extracted.pdb,N
BOSZOZ_extracted.pdb,N
BOSZUF_extracted.pdb,N
BOTBAO_extracted.pdb,N
BOTBES_extracted.pdb,N
BOTLON_extracted.pdb,Y
BOVFAU_extracted.pdb,Y
BOWHIF01_extracted.pdb,Y
BOWRIQ01_extracted.pdb,Y
BOWROU01_extracted.pdb,M
BOWROW01_extracted.pdb,Y
BOWRUC07_extracted.pdb,Y
BOXYES_extracted.pdb,Y
BOYFOK04_extracted.pdb,N
BOYFOK12_extracted.pdb,M
BPTZTD_extracted.pdb,Y
BPZTCT_extracted.pdb,Y
BQXERB_extracted.pdb,Y
BUAMIC_extracted.pdb,Y
BUBWIE_extracted.pdb,Y
BUBWIE01_extracted.pdb,Y
BUCRIA_extracted.pdb,N
BUDQEX_extracted.pdb,Y
BUGBEL_extracted.pdb,Y
BUGROL01_extracted.pdb,Y
BUJMUO_extracted.pdb,Y
BUJNAV_extracted.pdb,Y
BUKVAG_extracted.pdb,N
BUKVEK_extracted.pdb,N
BUKVIO_extracted.pdb,N
BUKVOU_extracted.pdb,N
BUKVUA_extracted.pdb,N
BUKWAH_extracted.pdb,N
BULBUH_extracted.pdb,N
BULCAO_extracted.pdb,N
BULCES_extracted.pdb,N
BULCIW_extracted.pdb,N
BUMWAH_extracted.pdb,M
BUPMII01_extracted.pdb,Y
BUPMII11_extracted.pdb,Y
BURQEM_extracted.pdb,N
BUSJEF_extracted.pdb,Y
BUSWIX_extracted.pdb,Y
BUTHAZ10_extracted.pdb,Y
BUVKOS01_extracted.pdb,N
BUVPOX_extracted.pdb,Y
BUVSEQ_extracted.pdb,M
BUVSEQ02_extracted.pdb,N
BUVSEQ03_extracted.pdb,N
BUXJUZ_extracted.pdb,N
BUXLEN_extracted.pdb,N
BUXNOX_extracted.pdb,Y
BUXNUD_extracted.pdb,N
BUXZID_extracted.pdb,Y
BUYGEH_extracted.pdb,Y
BXODCN_extracted.pdb,M
BZAMTI01_extracted.pdb,Y
BZCPRO_extracted.pdb,Y
CABWAG_extracted.pdb,Y
CABWEK_extracted.pdb,Y
CACQED_extracted.pdb,N
CADDEQ_extracted.pdb,N
CAEYOR_extracted.pdb,N
CAFTAG_extracted.pdb,Y
CAFTEK_extracted.pdb,Y
CAJCOH_extracted.pdb,Y
CAKMEG_extracted.pdb,N
CAKMEG10_extracted.pdb,N
CALJUU10_extracted.pdb,Y
CAMHUU_extracted.pdb,Y
CAMJAC_extracted.pdb,Y
CAMJEG_extracted.pdb,Y
CAMJIK_extracted.pdb,Y
CAMJOQ_extracted.pdb,Y
CAMRAJ_extracted.pdb,Y
CAMSOY_extracted.pdb,Y
CAMYIY_extracted.pdb,Y
CAMZOF_extracted.pdb,N
CAPJOU_extracted.pdb,Y
CAPJUA_extracted.pdb,Y
CAPKAH_extracted.pdb,Y
CARJAG01_extracted.pdb,N
CASSAQ_extracted.pdb,Y
CASYOK_extracted.pdb,Y
CAVKOA_extracted.pdb,N
CAVKUG_extracted.pdb,N
CAVLAN_extracted.pdb,N
CAWDUZ01_extracted.pdb,Y
CAWDUZ11_extracted.pdb,M
CAWXII_extracted.pdb,Y
CAWXOO_extracted.pdb,Y
CAYBUA_extracted.pdb,N
CAYSIF_extracted.pdb,N
CAYXOP_extracted.pdb,Y
CCSNMP_extracted.pdb,Y
CDEXIA01_extracted.pdb,N
CDEXKR10_extracted.pdb,N
CDEXME10_extracted.pdb,N
CDEXTI10_extracted.pdb,N
CDFACM_extracted.pdb,Y
CDURID_extracted.pdb,Y
CDXNEH_extracted.pdb,M
CDXPRO_extracted.pdb,M
CEBNAZ_extracted.pdb,Y
CEBQAD_extracted.pdb,Y
CEBQEH_extracted.pdb,Y
CEBQIL_extracted.pdb,Y
CECXEN_extracted.pdb,Y
CECXIT_extracted.pdb,Y
CEDQAF_extracted.pdb,Y
CEDYUF_extracted.pdb,N
CEDZAM_extracted.pdb,N
CEHKOS_extracted.pdb,N
CEHYIA_extracted.pdb,N
CEHYOG_extracted.pdb,N
CEJXOE_extracted.pdb,N
CEJYAU_extracted.pdb,Y
CEJYEY_extracted.pdb,Y
CEJYIC_extracted.pdb,Y
CEKDEE_extracted.pdb,Y
CEPGIP_extracted.pdb,Y
CEPPOD_extracted.pdb,Y
CEPPUJ_extracted.pdb,Y
CEPQAQ_extracted.pdb,Y
CEPQEU_extracted.pdb,Y
CEQCUW_extracted.pdb,N
CERWAX_extracted.pdb,Y
CESJUF_extracted.pdb,Y
CETPUP_extracted.pdb,N
CEXNUO_extracted.pdb,Y
CEZRIK_extracted.pdb,N
CHXAMH_extracted.pdb,N
CHXAMH01_extracted.pdb,M
CHXAMH02_extracted.pdb,N
CHXAMH03_extracted.pdb,N
CICQIP_extracted.pdb,N
CIDJIK_extracted.pdb,N
CIDJOQ_extracted.pdb,N
CIDJUW_extracted.pdb,N
CIMESY_extracted.pdb,Y
CIMJUF_extracted.pdb,Y
CIMKAM_extracted.pdb,Y
CIMPBR_extracted.pdb,Y
CIMSAS_extracted.pdb,M
CIMZON02_extracted.pdb,M
CIPBOS_extracted.pdb,Y
CIPBUY_extracted.pdb,Y
CIQGOA_extracted.pdb,Y
CIRGEP_extracted.pdb,N
CIRVII_extracted.pdb,Y
CISNEZ_extracted.pdb,Y
CIVLIE_extracted.pdb,Y
CIVLOK_extracted.pdb,Y
CIVLUQ_extracted.pdb,Y
CIVSIL_extracted.pdb,Y
CIWCOC_extracted.pdb,Y
CIWDIX_extracted.pdb,Y
CIWDOD_extracted.pdb,Y
CIWFAR_extracted.pdb,Y
CIWSEG_extracted.pdb,Y
CIZXUG_extracted.pdb,Y
CIZZIW_extracted.pdb,Y
CLACAM03_extracted.pdb,Y
CLACET_extracted.pdb,M
CLEOZP_extracted.pdb,M
CLEOZP10_extracted.pdb,Y
CLFLAC_extracted.pdb,Y
CLMPCL02_extracted.pdb,N
CLPTAZ_extracted.pdb,Y
COCLIP_extracted.pdb,Y
COCLOV_extracted.pdb,N
COCMIQ_extracted.pdb,Y
COCYEY_extracted.pdb,Y
CODVOG_extracted.pdb,N
CODXAW_extracted.pdb,Y
COFCIJ_extracted.pdb,N
COFFAG_extracted.pdb,N
COFFEK_extracted.pdb,N
COHZII_extracted.pdb,N
COHZOO_extracted.pdb,M
COHZOO10_extracted.pdb,N
COHZUU_extracted.pdb,N
COLBAI_extracted.pdb,Y
COMSED_extracted.pdb,Y
COMSIH_extracted.pdb,Y
COMZOT_extracted.pdb,N
COMZOT01_extracted.pdb,N
CONJAS_extracted.pdb,Y
CONJUM_extracted.pdb,Y
CONKAT_extracted.pdb,Y
CONWIL_extracted.pdb,Y
CONWOR_extracted.pdb,Y
COPXUA_extracted.pdb,Y
COQBAL_extracted.pdb,N
COQBEP_extracted.pdb,N
COQJIB_extracted.pdb,Y
CORMUS_extracted.pdb,N
COSCUJ_extracted.pdb,Y
COSCUJ01_extracted.pdb,Y
COSDAQ_extracted.pdb,Y
COSDEU_extracted.pdb,Y
COSDEU01_extracted.pdb,Y
COSDIY_extracted.pdb,Y
COSMED_extracted.pdb,Y
COVXAM_extracted.pdb,N
COVXUH_extracted.pdb,Y
COVXUI_extracted.pdb,N
COVZAQ_extracted.pdb,Y
COVZEU_extracted.pdb,Y
COWSAI_extracted.pdb,Y
COWSEM_extracted.pdb,Y
COXYIX_extracted.pdb,Y
COYBOH_extracted.pdb,N
COYCAU_extracted.pdb,N
COYCOJ_extracted.pdb,N
COYCUP_extracted.pdb,N
COYDAW_extracted.pdb,N
COYDEA_extracted.pdb,N
COYKEI_extracted.pdb,Y
COZBOI_extracted.pdb,Y
COZRUF_extracted.pdb,N
CPENTS_extracted.pdb,Y
CPSMCP_extracted.pdb,M
CPTZTR_extracted.pdb,Y
CPYROL_extracted.pdb,M
CRHYDZ_extracted.pdb,N
CTHBAR_extracted.pdb,Y
CUCDIP_extracted.pdb,Y
CUCMOC_extracted.pdb,N
CUCMUI_extracted.pdb,N
CUCNAP_extracted.pdb,M
CUGCIR_extracted.pdb,Y
CUHRII_extracted.pdb,Y
CULCAN_extracted.pdb,N
CULCER_extracted.pdb,M
CULCIV_extracted.pdb,N
CUMPAC_extracted.pdb,Y
CUMPEG_extracted.pdb,N
CUMPIK_extracted.pdb,N
CUMPOQ_extracted.pdb,Y
CUMPUW_extracted.pdb,Y
CUNLUS_extracted.pdb,N
CUNMAZ_extracted.pdb,Y
CUNPEH_extracted.pdb,Y
CUNQAF_extracted.pdb,Y
CUQGIE_extracted.pdb,Y
CUTHOQ_extracted.pdb,Y
CUTHUW_extracted.pdb,N
CUTJIM_extracted.pdb,Y
CUTJOS_extracted.pdb,N
CUTJUY_extracted.pdb,N
CUTKAF_extracted.pdb,Y
CUTKEJ_extracted.pdb,Y
CUTKIN_extracted.pdb,Y
CUTKOT_extracted.pdb,Y
CUTREQ_extracted.pdb,Y
CUTVAO_extracted.pdb,Y
CUVHAC01_extracted.pdb,N
CUVRAN_extracted.pdb,N
CUWGIK10_extracted.pdb,Y
CUZTIA_extracted.pdb,Y
CUZTOG_extracted.pdb,M
CYCYPH10_extracted.pdb,Y
CYDXKR10_extracted.pdb,N
CYDXLI10_extracted.pdb,N
CYDXPL_extracted.pdb,N
CYDXTC_extracted.pdb,M
CYDXTE_extracted.pdb,M
CYDXTF_extracted.pdb,M
DABPII_extracted.pdb,Y
DABROP_extracted.pdb,Y
DABRUV_extracted.pdb,Y
DABSAC_extracted.pdb,Y
DABXEM_extracted.pdb,N
DADBOA_extracted.pdb,Y
DADREH_extracted.pdb,Y
DADRIL_extracted.pdb,Y
DAGKOM_extracted.pdb,Y
DAHCOE_extracted.pdb,Y
DAJFOK_extracted.pdb,N
DAJFUQ_extracted.pdb,N
DAJGAX_extracted.pdb,N
DAJGAZ_extracted.pdb,N
DAJGEB_extracted.pdb,N
DAJGED_extracted.pdb,N
DAJGIH_extracted.pdb,N
DALZIZ_extracted.pdb,Y
DANYAV_extracted.pdb,N
DANYEZ_extracted.pdb,N
DANYID_extracted.pdb,N
DAQCII_extracted.pdb,Y
DAQCOO_extracted.pdb,Y
DAQCUU_extracted.pdb,Y
DAQMIR_extracted.pdb,Y
DARGOT01_extracted.pdb,M
DASTEZ_extracted.pdb,Y
DASTID_extracted.pdb,Y
DATGAG_extracted.pdb,N
DAVREZ_extracted.pdb,Y
DAWRID_extracted.pdb,Y
DAWROJ_extracted.pdb,Y
DAWRUP_extracted.pdb,Y
DAXMOE_extracted.pdb,Y
DAXMUK_extracted.pdb,N
DAZRAA_extracted.pdb,Y
DEBFOI_extracted.pdb,Y
DEBFUO_extracted.pdb,Y
DEBGAV_extracted.pdb,Y
DEBKUR01_extracted.pdb,Y
DEBSUA_extracted.pdb,Y
DEBTIQ_extracted.pdb,N
DEBVOX_extracted.pdb,Y
DEBVUD_extracted.pdb,Y
DEFFOM_extracted.pdb,Y
DEFVUG_extracted.pdb,Y
DEFWAN_extracted.pdb,Y
DEHQEM01_extracted.pdb,Y
DEHWIW_extracted.pdb,Y
DEJSIW_extracted.pdb,Y
DEJSOC_extracted.pdb,Y
DEJWIA_extracted.pdb,M
DEJWOG_extracted.pdb,Y
DEJWUM_extracted.pdb,Y
DEJXAT_extracted.pdb,Y
DEJXOI_extracted.pdb,Y
DEKJOS_extracted.pdb,N
DELDOQ_extracted.pdb,N
DELPUG_extracted.pdb,Y
DEMSEW_extracted.pdb,Y
DEMSIA_extracted.pdb,Y
DENJAI_extracted.pdb,Y
DENJEM_extracted.pdb,Y
DENPER_extracted.pdb,Y
DERGOX_extracted.pdb,Y
DERGUD_extracted.pdb,Y
DESJAN_extracted.pdb,Y
DETSIH_extracted.pdb,Y
DEVSAZ_extracted.pdb,N
DEVSAZ01_extracted.pdb,N
DEVSED_extracted.pdb,N
DEXGIW_extracted.pdb,Y
DEZDOB_extracted.pdb,Y
DHURID01_extracted.pdb,Y
DIBXUI_extracted.pdb,Y
DIBYAP_extracted.pdb,Y
DICKUY_extracted.pdb,Y
DICLAF_extracted.pdb,Y
DICRUC_extracted.pdb,N
DIFFUU_extracted.pdb,Y
DIRXAF_extracted.pdb,Y
DIRXEJ_extracted.pdb,Y
DIRXIN_extracted.pdb,Y
DIRXOT_extracted.pdb,Y
DISMOK_extracted.pdb,Y
DISQIG_extracted.pdb,Y
DISQIG01_extracted.pdb,Y
DISQOM_extracted.pdb,N
DITSAA_extracted.pdb,Y
DITSEE_extracted.pdb,Y
DITSII_extracted.pdb,N
DITSOO_extracted.pdb,N
DITSUU_extracted.pdb,N
DIVFAS_extracted.pdb,Y
DIVFEW_extracted.pdb,Y
DIVFIA_extracted.pdb,Y
DIVFOG_extracted.pdb,Y
DIVFUM_extracted.pdb,Y
DIVGAT_extracted.pdb,Y
DIVGEX_extracted.pdb,Y
DIVGIB_extracted.pdb,Y
DIVGOH_extracted.pdb,Y
DIVGOH01_extracted.pdb,Y
DIVPEE_extracted.pdb,Y
DIWJEA_extracted.pdb,Y
DIWLEA_extracted.pdb,Y
DIWLIE_extracted.pdb,Y
DIWLOK_extracted.pdb,Y
DIWLUQ_extracted.pdb,Y
DIWMAX_extracted.pdb,N
DIWMEB_extracted.pdb,Y
DIXKEB_extracted.pdb,Y
DIYTUC_extracted.pdb,Y
DIZDEX_extracted.pdb,N
DIZDIB_extracted.pdb,N
DIZDOH_extracted.pdb,N
DIZDUN_extracted.pdb,N
DIZFAV_extracted.pdb,N
DIZFEZ_extracted.pdb,N
DMABET10_extracted.pdb,Y
DMURAC_extracted.pdb,Y
DOADPA_extracted.pdb,M
DOBLOV_extracted.pdb,N
DOBLUC_extracted.pdb,Y
DOBNUF_extracted.pdb,Y
DOFQIA_extracted.pdb,N
DOFQOG_extracted.pdb,N
DOFQUM_extracted.pdb,N
DOFRAT_extracted.pdb,N
DOFREX_extracted.pdb,N
DOGGUD_extracted.pdb,N
DOGHAK_extracted.pdb,N
DOGLEQ_extracted.pdb,N
DOGZUW_extracted.pdb,N
DOHBAF_extracted.pdb,N
DOHBEJ_extracted.pdb,N
DOHBIN_extracted.pdb,N
DOHBOT_extracted.pdb,N
DOHBUZ_extracted.pdb,N
DOHCAG_extracted.pdb,N
DOHCEK_extracted.pdb,N
DOHXIJ_extracted.pdb,Y
DOJQAU_extracted.pdb,N
DOKLOF_extracted.pdb,Y
DONFER_extracted.pdb,Y
DONKIA_extracted.pdb,Y
DONKIA10_extracted.pdb,Y
DOPGEW_extracted.pdb,Y
DOPGIA_extracted.pdb,Y
DOPJEZ_extracted.pdb,N
DOPJID_extracted.pdb,N
DOQDAQ_extracted.pdb,N
DOQDEU_extracted.pdb,N
DOQDIY_extracted.pdb,N
DOQDOE_extracted.pdb,N
DOQDUK_extracted.pdb,N
DOQFAS_extracted.pdb,N
DOQFEW_extracted.pdb,N
DOQFIA_extracted.pdb,N
DOQFOG_extracted.pdb,N
DOQFUM_extracted.pdb,N
DOQNAA_extracted.pdb,N
DOQNEE_extracted.pdb,N
DOQNIH_extracted.pdb,Y
DOQPEF_extracted.pdb,Y
DOQPIJ_extracted.pdb,Y
DOQZOY_extracted.pdb,Y
DOSDUK_extracted.pdb,Y
DOSMED_extracted.pdb,Y
DOSMIH_extracted.pdb,Y
DOTVOX_extracted.pdb,N
DOVVAL01_extracted.pdb,Y
DOXQAK_extracted.pdb,Y
DOXQEO_extracted.pdb,Y
DOXQUE_extracted.pdb,Y
DOXZUL_extracted.pdb,N
DOYBOI_extracted.pdb,N
DOYROA_extracted.pdb,Y
DOYRUG_extracted.pdb,Y
DPGUAN01_extracted.pdb,Y
DPGUAN02_extracted.pdb,Y
DTIBOX_extracted.pdb,Y
DTURID01_extracted.pdb,Y
DUBPUN_extracted.pdb,Y
DUCMOF_extracted.pdb,N
DUCMUL_extracted.pdb,N
DUCNAS_extracted.pdb,N
DUCNEW_extracted.pdb,N
DUDWAC_extracted.pdb,Y
DUGZEL_extracted.pdb,Y
DUGZIP_extracted.pdb,Y
DUGZOV_extracted.pdb,Y
DUJGEV_extracted.pdb,Y
DUJQAB_extracted.pdb,Y
DUKHEX01_extracted.pdb,Y
DUKKAW01_extracted.pdb,Y
DUKRUY_extracted.pdb,N
DUKSAF_extracted.pdb,N
DUKSEJ_extracted.pdb,N
DUKSIN_extracted.pdb,N
DUKSOT_extracted.pdb,N
DUKSUZ_extracted.pdb,N
DUKTAG_extracted.pdb,N
DUKTEK_extracted.pdb,N
DUKTIO_extracted.pdb,N
DUKTOU_extracted.pdb,N
DUKTUA_extracted.pdb,N
DUKVAI_extracted.pdb,N
DUKVEM_extracted.pdb,N
DULFUN_extracted.pdb,N
DULGAU_extracted.pdb,N
DULGEY_extracted.pdb,N
DULGIC_extracted.pdb,N
DULREJ_extracted.pdb,N
DUMVUD_extracted.pdb,Y
DUNMAA_extracted.pdb,Y
DUNSOV_extracted.pdb,Y
DURPEN02_extracted.pdb,Y
DUSHOP_extracted.pdb,Y
DUSKEH_extracted.pdb,Y
DUYVEZ_extracted.pdb,M
DUYVID_extracted.pdb,N
DUYVOJ_extracted.pdb,M
DZURID_extracted.pdb,Y
EADNPP_extracted.pdb,Y
EBAVUZ_extracted.pdb,Y
EBAWAG_extracted.pdb,Y
EBAWEK_extracted.pdb,Y
EBAYOV_extracted.pdb,N
EBAYUB_extracted.pdb,N
EBEMOQ_extracted.pdb,N
EBEMUW_extracted.pdb,N
EBEPEJ_extracted.pdb,Y
EBIBEW_extracted.pdb,Y
EBIRAI_extracted.pdb,Y
EBITUH_extracted.pdb,Y
EBUWEG_extracted.pdb,Y
EBUWIK_extracted.pdb,Y
ECOLEN02_extracted.pdb,M
ECOLIR_extracted.pdb,N
EDEHEC_extracted.pdb,N
EDEHIG_extracted.pdb,N
EDEHOM_extracted.pdb,N
EDEHUS_extracted.pdb,N
EDEJAA_extracted.pdb,N
EDEJEE_extracted.pdb,N
EDENEH02_extracted.pdb,Y
EDISAO_extracted.pdb,Y
EFACIX01_extracted.pdb,Y
EFEFOK_extracted.pdb,M
EFETEQ01_extracted.pdb,Y
EFETEQ02_extracted.pdb,Y
EFIRIU_extracted.pdb,Y
EFIROA_extracted.pdb,Y
EFOWED_extracted.pdb,Y
EFUBOY_extracted.pdb,M
EFUCIS_extracted.pdb,Y
EGADEW_extracted.pdb,Y
EGADIA_extracted.pdb,Y
EGAFAU_extracted.pdb,Y
EGAFEY_extracted.pdb,Y
EGAFIC_extracted.pdb,Y
EGAFIC01_extracted.pdb,Y
EGOBIL_extracted.pdb,Y
EGUDOB_extracted.pdb,Y
EGUDUH_extracted.pdb,Y
EGUJIB_extracted.pdb,Y
EGUJOH_extracted.pdb,Y
EGUSOO_extracted.pdb,Y
EHARUB_extracted.pdb,N
EHAYUI_extracted.pdb,Y
EHICAZ_extracted.pdb,Y
EHILEO_extracted.pdb,N
EHUBIT_extracted.pdb,Y
EHUZUE_extracted.pdb,Y
EINDLA_extracted.pdb,Y
EJABAU_extracted.pdb,Y
EJADOJ_extracted.pdb,Y
EJADUP_extracted.pdb,Y
EJAFAX_extracted.pdb,Y
EJAVOB_extracted.pdb,Y
EJAZAS_extracted.pdb,N
EJAZEW_extracted.pdb,N
EJEVEW_extracted.pdb,Y
EJIMOZ_extracted.pdb,M
EJIMUF_extracted.pdb,M
EJINAM_extracted.pdb,M
EKIGEK_extracted.pdb,Y
EKIGEK01_extracted.pdb,Y
EKIGEK02_extracted.pdb,Y
EKIGEK03_extracted.pdb,Y
ELAFIH_extracted.pdb,Y
ELAFON_extracted.pdb,Y
ELAKOT_extracted.pdb,Y
ELAKUZ_extracted.pdb,Y
ELALAG_extracted.pdb,Y
ELEWEZ_extracted.pdb,Y
ELIMOB_extracted.pdb,Y
ELOJEW_extracted.pdb,Y
ELOWAF_extracted.pdb,Y
ELUFAU_extracted.pdb,Y
ELUFEY_extracted.pdb,Y
ELUNOP_extracted.pdb,N
EMAJIM_extracted.pdb,Y
EMAVOD_extracted.pdb,Y
EMECIJ_extracted.pdb,Y
EMEMEO_extracted.pdb,Y
EMEMIS_extracted.pdb,Y
EMEMOY_extracted.pdb,Y
ENDMEN_extracted.pdb,Y
ENEWOL_extracted.pdb,Y
ENEWUR_extracted.pdb,Y
EPCCPO_extracted.pdb,Y
EPEWIG_extracted.pdb,N
EPEWOM_extracted.pdb,N
EPOLOM_extracted.pdb,Y
EPUNUA_extracted.pdb,Y
EPUTAM_extracted.pdb,N
EPUTEQ_extracted.pdb,N
EPUTIU_extracted.pdb,N
EPUTOA_extracted.pdb,N
EPUTUG_extracted.pdb,N
EPUVAO_extracted.pdb,N
EPUVES_extracted.pdb,N
EQEMAQ_extracted.pdb,Y
EQEMEU_extracted.pdb,N
EQIGOB_extracted.pdb,Y
ERAFIN_extracted.pdb,Y
ERAFOT_extracted.pdb,Y
ERIVIM_extracted.pdb,Y
ERIVOS_extracted.pdb,Y
ERIVOS02_extracted.pdb,Y
ERIVUY_extracted.pdb,Y
ERIVUY01_extracted.pdb,Y
EROCAP_extracted.pdb,N
ERUYOF_extracted.pdb,Y
ESEGOZ_extracted.pdb,Y
ESOJUT_extracted.pdb,Y
ESOPEI_extracted.pdb,N
ESUGAB_extracted.pdb,N
ESUGEF_extracted.pdb,Y
ETASOJ_extracted.pdb,M
ETELEW_extracted.pdb,Y
ETEXIK02_extracted.pdb,Y
ETEXIK03_extracted.pdb,Y
ETUBEA_extracted.pdb,Y
ETUBIE_extracted.pdb,Y
ETUBOK_extracted.pdb,Y
ETUBUQ_extracted.pdb,Y
ETXDHY01_extracted.pdb,Y
EVALIY_extracted.pdb,Y
EVAVII_extracted.pdb,Y
EVEYOU_extracted.pdb,Y
EVIREI_extracted.pdb,Y
EVOHUU_extracted.pdb,Y
EVULOW_extracted.pdb,Y
EVULUC_extracted.pdb,Y
EVUMAJ_extracted.pdb,Y
EVUMEN_extracted.pdb,Y
EVUMEP_extracted.pdb,Y
EVUMIR_extracted.pdb,Y
EVUMIT_extracted.pdb,Y
EVUMOZ_extracted.pdb,N
EVUYOL_extracted.pdb,Y
EVUYUR_extracted.pdb,Y
EVUZAY_extracted.pdb,Y
EVUZEC_extracted.pdb,Y
EVUZIG_extracted.pdb,N
EWEKEY_extracted.pdb,M
EWILAX_extracted.pdb,Y
EWILEB_extracted.pdb,Y
EWILIF_extracted.pdb,Y
EWILOL_extracted.pdb,Y
EWIPEH_extracted.pdb,N
EWIPUW_extracted.pdb,Y
EWITOV_extracted.pdb,Y
EWIVOX_extracted.pdb,Y
EWIVUD_extracted.pdb,N
EWIWAK_extracted.pdb,Y
EWIWAK01_extracted.pdb,N
EWUWOK_extracted.pdb,Y
EWUWUQ_extracted.pdb,Y
EXETUW_extracted.pdb,Y
EXMENC_extracted.pdb,Y
EXUQAR_extracted.pdb,Y
EXUQEV_extracted.pdb,Y
EYOJAF01_extracted.pdb,Y
EZAQAZ_extracted.pdb,Y
EZAXIN_extracted.pdb,N
EZICIA_extracted.pdb,Y
EZIJIG_extracted.pdb,Y
EZIVIU_extracted.pdb,Y
EZUMER_extracted.pdb,N
EZUMIV_extracted.pdb,N
EZUMOB_extracted.pdb,N
EZUMUH_extracted.pdb,N
EZUNAO_extracted.pdb,N
FACMED_extracted.pdb,N
FACYEP_extracted.pdb,Y
FAFTAH_extracted.pdb,Y
FAFTEL_extracted.pdb,Y
FAJFAX_extracted.pdb,N
FAJJUV_extracted.pdb,Y
FAJROA_extracted.pdb,Y
FAJRUG_extracted.pdb,Y
FAJSAN_extracted.pdb,Y
FAKDEA01_extracted.pdb,Y
FAKFUS_extracted.pdb,Y
FAKFUS01_extracted.pdb,M
FAKGAZ_extracted.pdb,M
FAKGAZ01_extracted.pdb,Y
FAKGED_extracted.pdb,M
FAKGIH_extracted.pdb,M
FAKGIH10_extracted.pdb,Y
FAKGON_extracted.pdb,M
FAKTOB_extracted.pdb,Y
FAKZOI_extracted.pdb,Y
FAKZUO_extracted.pdb,Y
FALYAU_extracted.pdb,Y
FALYAU01_extracted.pdb,Y
FANLIQ_extracted.pdb,N
FANLOW_extracted.pdb,N
FANLUC_extracted.pdb,N
FANRIV_extracted.pdb,M
FAPKIQ_extracted.pdb,Y
FAPKOW_extracted.pdb,Y
FAPKUC_extracted.pdb,Y
FAPLAJ_extracted.pdb,Y
FASFEL_extracted.pdb,Y
FATKOA_extracted.pdb,Y
FAYXAH_extracted.pdb,Y
FEBQAG_extracted.pdb,N
FEBQEK_extracted.pdb,N
FEDBIA_extracted.pdb,Y
FEDBOF_extracted.pdb,Y
FEDBUL_extracted.pdb,Y
FEDLOQ_extracted.pdb,Y
FEFXOG_extracted.pdb,Y
FEGYUL_extracted.pdb,Y
FEGZAS_extracted.pdb,Y
FEGZEW_extracted.pdb,Y
FEHCED_extracted.pdb,Y
FEHCIH_extracted.pdb,Y
FEHDAY_extracted.pdb,Y
FEHDEC_extracted.pdb,Y
FEJHAD_extracted.pdb,N
FEJQET_extracted.pdb,Y
FEJQIX_extracted.pdb,Y
FEJSOC_extracted.pdb,N
FEMDIK_extracted.pdb,N
FEMMEP_extracted.pdb,N
FEMZEF_extracted.pdb,Y
FENNOD_extracted.pdb,Y
FEQRUO_extracted.pdb,N
FEQSAV_extracted.pdb,N
FEQSEZ_extracted.pdb,N
FEQSID_extracted.pdb,N
FEQSOJ_extracted.pdb,N
FEQSUP_extracted.pdb,N
FEQTAW_extracted.pdb,N
FEQTEA_extracted.pdb,N
FEQTUQ_extracted.pdb,N
FEQWII_extracted.pdb,Y
FEQYOQ_extracted.pdb,N
FEQYUW_extracted.pdb,Y
FERPOJ_extracted.pdb,Y
FERPUP_extracted.pdb,Y
FERQAW_extracted.pdb,Y
FERQEA_extracted.pdb,Y
FERQIE_extracted.pdb,Y
FERQOK_extracted.pdb,Y
FERQUQ_extracted.pdb,Y
FERRAX_extracted.pdb,Y
FESYIM_extracted.pdb,Y
FETKIY_extracted.pdb,Y
FETXUA_extracted.pdb,Y
FETYAH_extracted.pdb,Y
FEXSEJ_extracted.pdb,Y
FEYPAB_extracted.pdb,Y
FEYZAM_extracted.pdb,Y
FEYZEQ_extracted.pdb,Y
FEZMED_extracted.pdb,Y
FEZPAD_extracted.pdb,N
FEZXAL_extracted.pdb,N
FEZXEP_extracted.pdb,Y
FEZXIT_extracted.pdb,Y
FEZXOZ_extracted.pdb,Y
FIJCEG_extracted.pdb,Y
FIKTIC_extracted.pdb,Y
FIKTOI_extracted.pdb,N
FIKTUO_extracted.pdb,N
FIKTUO10_extracted.pdb,M
FIKVAW_extracted.pdb,N
FIKVEA_extracted.pdb,N
FIKVEA10_extracted.pdb,N
FIKVIE_extracted.pdb,N
FIKVUQ_extracted.pdb,N
FIKWAX_extracted.pdb,N
FIKWEB_extracted.pdb,N
FIMLIW_extracted.pdb,M
FIMLIW10_extracted.pdb,Y
FIMMIZ_extracted.pdb,Y
FINZUZ_extracted.pdb,Y
FIPBAJ_extracted.pdb,Y
FIPBEN_extracted.pdb,Y
FIPBUB_extracted.pdb,Y
FIQRED_extracted.pdb,Y
FIQRIH_extracted.pdb,Y
FIRXOT_extracted.pdb,N
FIRXOT10_extracted.pdb,N
FIRXUZ_extracted.pdb,N
FITKUP_extracted.pdb,Y
FITLAW_extracted.pdb,Y
FITLEA_extracted.pdb,Y
FITLIE_extracted.pdb,Y
FIVYIV_extracted.pdb,Y
FIVYOB_extracted.pdb,Y
FIXCOE_extracted.pdb,Y
FIXDEV_extracted.pdb,Y
FIXDIZ_extracted.pdb,Y
FIYWIT_extracted.pdb,N
FOBLIR_extracted.pdb,N
FOBMAN_extracted.pdb,N
FOBMER_extracted.pdb,N
FOBROG_extracted.pdb,N
FOBRUM_extracted.pdb,N
FOCDOT_extracted.pdb,Y
FOFCAF_extracted.pdb,Y
FOFCEJ_extracted.pdb,Y
FOHMUK_extracted.pdb,Y
FOHVAZ_extracted.pdb,Y
FOJGAM02_extracted.pdb,Y
FOKQON_extracted.pdb,Y
FOLFAP_extracted.pdb,Y
FOLFET_extracted.pdb,Y
FOLHEV_extracted.pdb,Y
FOLTIK_extracted.pdb,N
FOLWIN_extracted.pdb,Y
FONWOU_extracted.pdb,Y
FONZAL_extracted.pdb,Y
FOQTEM_extracted.pdb,N
FOQTIQ_extracted.pdb,N
FOQTOW_extracted.pdb,N
FOQTUC_extracted.pdb,N
FORCIZ_extracted.pdb,Y
FORFEZ_extracted.pdb,N
FORGEA_extracted.pdb,Y
FOTHUT_extracted.pdb,N
FOTJAB_extracted.pdb,N
FOTJEF_extracted.pdb,N
FOTJIJ_extracted.pdb,N
FOTJOP_extracted.pdb,N
FOTJUV_extracted.pdb,N
FOTKAC_extracted.pdb,N
FOTKEG_extracted.pdb,N
FOTKIK_extracted.pdb,N
FOTKOQ_extracted.pdb,N
FOVXET_extracted.pdb,Y
FOXSUG_extracted.pdb,M
FOXSUG10_extracted.pdb,M
FOXSUG20_extracted.pdb,N
FUCTIG02_extracted.pdb,Y
FUFFOD_extracted.pdb,Y
FUHSIL01_extracted.pdb,Y
FUJGIA_extracted.pdb,N
FUJGIA10_extracted.pdb,M
FUJGOG_extracted.pdb,N
FUJGOG10_extracted.pdb,M
FUJQUW_extracted.pdb,Y
FUJTOV_extracted.pdb,Y
FUJYEP_extracted.pdb,Y
FUNTEN_extracted.pdb,Y
FUNVOZ_extracted.pdb,N
FUNVUF_extracted.pdb,Y
FUPQUE_extracted.pdb,Y
FUQNOV_extracted.pdb,N
FURPOP_extracted.pdb,Y
FUTZUP_extracted.pdb,Y
FUVBAZ_extracted.pdb,N
FUWHAI_extracted.pdb,N
FUWROG_extracted.pdb,Y
FUXZIH_extracted.pdb,Y
GABTIM_extracted.pdb,N
GABTIM10_extracted.pdb,N
GACCUI_extracted.pdb,N
GADQOR_extracted.pdb,Y
GAGDEA_extracted.pdb,N
GAHTEO_extracted.pdb,Y
GALHAF_extracted.pdb,Y
GALHEJ_extracted.pdb,Y
GALHIN_extracted.pdb,Y
GALHOT_extracted.pdb,Y
GALHUZ_extracted.pdb,Y
GAPHAI_extracted.pdb,N
GAQYON_extracted.pdb,N
GARMAP01_extracted.pdb,Y
GASZUX_extracted.pdb,Y
GAWJEU_extracted.pdb,Y
GAXBIQ_extracted.pdb,M
GAXBOW_extracted.pdb,M
GAXFAP_extracted.pdb,Y
GAXFET_extracted.pdb,Y
GAXFIX_extracted.pdb,Y
GAXNAW_extracted.pdb,Y
GAZHUN_extracted.pdb,M
GECPUB_extracted.pdb,N
GECVOB_extracted.pdb,Y
GECVUH_extracted.pdb,Y
GECWAO_extracted.pdb,Y
GECWES_extracted.pdb,Y
GECWIW_extracted.pdb,Y
GECWOC_extracted.pdb,Y
GECWUI_extracted.pdb,Y
GECXAP_extracted.pdb,Y
GECXET_extracted.pdb,Y
GECXIX_extracted.pdb,Y
GECXOD_extracted.pdb,Y
GECXUJ_extracted.pdb,Y
GECYAQ_extracted.pdb,Y
GECYEU_extracted.pdb,Y
GEDBIB_extracted.pdb,Y
GEDBIB01_extracted.pdb,Y
GEDBOH_extracted.pdb,Y
GEDBUN_extracted.pdb,Y
GEDKEF01_extracted.pdb,N
GEDVOA_extracted.pdb,Y
GEFJIN_extracted.pdb,N
GEFJOT_extracted.pdb,N
GEFJUZ_extracted.pdb,N
GEKFOR_extracted.pdb,N
GEKXOJ_extracted.pdb,Y
GEKXOJ10_extracted.pdb,M
GEKXUP_extracted.pdb,Y
GEMZUT_extracted.pdb,Y
GEMZUT10_extracted.pdb,M
GEPGAK_extracted.pdb,Y
GERBUD_extracted.pdb,Y
GERDEO_extracted.pdb,N
GERDIS_extracted.pdb,N
GERXUW_extracted.pdb,M
GERYAD_extracted.pdb,M
GESTON_extracted.pdb,Y
GETTOP_extracted.pdb,Y
GEVTOQ_extracted.pdb,N
GEWWAG_extracted.pdb,Y
GIBBIF_extracted.pdb,Y
GIBBOL_extracted.pdb,Y
GIBBUR_extracted.pdb,Y
GIBCAY_extracted.pdb,Y
GIBCEC_extracted.pdb,Y
GIBCIG_extracted.pdb,N
GIBCOM_extracted.pdb,N
GIBRIS_extracted.pdb,Y
GIBROY_extracted.pdb,Y
GIBWAP_extracted.pdb,Y
GIDXOG_extracted.pdb,Y
GIGBED_extracted.pdb,Y
GIGKAI_extracted.pdb,N
GIGKEM_extracted.pdb,N
GIGRIZ_extracted.pdb,Y
GIGROF_extracted.pdb,Y
GIGRUL_extracted.pdb,Y
GIJNAO_extracted.pdb,N
GIJNES_extracted.pdb,N
GIJNIW_extracted.pdb,N
GIJNOC_extracted.pdb,N
GIJNUI_extracted.pdb,N
GIJPAQ_extracted.pdb,N
GIJPEU_extracted.pdb,N
GIJPIY_extracted.pdb,N
GIJRIC_extracted.pdb,Y
GIJROI_extracted.pdb,Y
GIJTUO_extracted.pdb,Y
GIJTUO01_extracted.pdb,Y
GIJWIF_extracted.pdb,N
GIJWIF10_extracted.pdb,M
GIKHIS_extracted.pdb,Y
GIKMAQ_extracted.pdb,Y
GILWUW_extracted.pdb,Y
GILXAD_extracted.pdb,Y
GILXEH_extracted.pdb,Y
GILXIL_extracted.pdb,Y
GILXOR_extracted.pdb,Y
GILXUX_extracted.pdb,Y
GIMXUV_extracted.pdb,Y
GINBIO_extracted.pdb,Y
GINHOB_extracted.pdb,Y
GINPIE_extracted.pdb,Y
GINPOK_extracted.pdb,Y
GINPUQ_extracted.pdb,Y
GINQAX_extracted.pdb,Y
GINXAE_extracted.pdb,Y
GINXEI_extracted.pdb,Y
GINZUA_extracted.pdb,Y
GIPBOY_extracted.pdb,Y
GIPBUE_extracted.pdb,Y
GIPHAP_extracted.pdb,Y
GIPHET_extracted.pdb,Y
GIPHIX_extracted.pdb,Y
GIQSUU_extracted.pdb,N
GIRBOY_extracted.pdb,Y
GISNON_extracted.pdb,N
GIVGAW_extracted.pdb,Y
GIWMAA_extracted.pdb,Y
GIWPEH_extracted.pdb,Y
GIXYUJ_extracted.pdb,Y
GIXZIY_extracted.pdb,Y
GIYTEN_extracted.pdb,N
GIYTIR_extracted.pdb,N
GIZQUD_extracted.pdb,Y
GIZREM_extracted.pdb,N
GIZWER_extracted.pdb,Y
GLYKTI_extracted.pdb,M
GOBMUH_extracted.pdb,Y
GODPEW_extracted.pdb,Y
GOFCOV_extracted.pdb,Y
GOFCUB_extracted.pdb,Y
GOFDUA_extracted.pdb,Y
GOFJAO_extracted.pdb,N
GOFJES_extracted.pdb,N
GOJYEJ_extracted.pdb,Y
GOKPEB_extracted.pdb,N
GOKQUS_extracted.pdb,N
GOPQEJ_extracted.pdb,N
GOPQIN_extracted.pdb,N
GOPQOT_extracted.pdb,N
GOTKIJ_extracted.pdb,Y
GOTSUD_extracted.pdb,Y
GOVNOW_extracted.pdb,Y
GOVNUC_extracted.pdb,N
GOWKEK_extracted.pdb,N
GOYBUR_extracted.pdb,N
GOYCAY_extracted.pdb,N
GOYJIN_extracted.pdb,Y
GOYKAG_extracted.pdb,N
GOYKIO_extracted.pdb,N
GOYKOU_extracted.pdb,N
GUCBAH_extracted.pdb,M
GUCHAO_extracted.pdb,Y
GUCHUI_extracted.pdb,N
GUDQIH_extracted.pdb,Y
GUDQON_extracted.pdb,Y
GUDQUT_extracted.pdb,Y
GUDRAA_extracted.pdb,Y
GUFZOW_extracted.pdb,Y
GUJJAX_extracted.pdb,Y
GULFOJ_extracted.pdb,Y
GUMCIB_extracted.pdb,N
GUPZOH_extracted.pdb,Y
GUPZUN_extracted.pdb,N
GUQBAW_extracted.pdb,Y
GURHOQ_extracted.pdb,N
GUVBII_extracted.pdb,Y
GUVTAS_extracted.pdb,N
GUWPIZ_extracted.pdb,Y
GUWPOF_extracted.pdb,Y
GUWPUL_extracted.pdb,Y
GUWROG_extracted.pdb,Y
GUWWUS01_extracted.pdb,Y
GUXYEF_extracted.pdb,Y
GUYQAS_extracted.pdb,Y
GUYQEW_extracted.pdb,M
GUYQIA_extracted.pdb,M
GUYQOG_extracted.pdb,Y
GUZHUG_extracted.pdb,Y
GUZJAO_extracted.pdb,Y
GUZJES_extracted.pdb,Y
HADKIG_extracted.pdb,Y
HADKIG01_extracted.pdb,Y
HADKIG02_extracted.pdb,Y
HADKIG03_extracted.pdb,Y
HADVEQ_extracted.pdb,Y
HAHFED_extracted.pdb,Y
HAJMUC_extracted.pdb,Y
HAJMUC01_extracted.pdb,Y
HAKBOL_extracted.pdb,Y
HAKSAN_extracted.pdb,Y
HAKVAQ_extracted.pdb,Y
HAKVUL_extracted.pdb,Y
HAKVUL01_extracted.pdb,Y
HAKVUL02_extracted.pdb,Y
HAKVUL03_extracted.pdb,Y
HAKVUL04_extracted.pdb,Y
HALGOQ_extracted.pdb,Y
HALHEH_extracted.pdb,Y
HALHIL_extracted.pdb,Y
HALKIO_extracted.pdb,Y
HALMAI_extracted.pdb,Y
HALQAM_extracted.pdb,Y
HANGEK_extracted.pdb,N
HAPHIR_extracted.pdb,Y
HAPHOX_extracted.pdb,Y
HATLUK_extracted.pdb,Y
HATYEH_extracted.pdb,Y
HAVPOM_extracted.pdb,Y
HAVRON_extracted.pdb,Y
HAVRUT_extracted.pdb,Y
HAVSAA_extracted.pdb,Y
HAVSEE_extracted.pdb,Y
HAWYUZ_extracted.pdb,N
HAYBEO_extracted.pdb,N
HCMCHP_extracted.pdb,Y
HEBRIQ_extracted.pdb,Y
HEBROW_extracted.pdb,Y
HEDMUZ_extracted.pdb,N
HEFHAE_extracted.pdb,Y
HEFHIM_extracted.pdb,Y
HEGLOV_extracted.pdb,Y
HEGLUB_extracted.pdb,Y
HEGMAI_extracted.pdb,Y
HEGMEM_extracted.pdb,Y
HEJZUT_extracted.pdb,N
HEPKIW_extracted.pdb,N
HERMUN_extracted.pdb,Y
HERNAU_extracted.pdb,Y
HERNEY_extracted.pdb,Y
HERNIC_extracted.pdb,Y
HERQUR_extracted.pdb,N
HERRAY_extracted.pdb,N
HERREC_extracted.pdb,N
HERRIG_extracted.pdb,N
HESJAT_extracted.pdb,Y
HESXIN_extracted.pdb,N
HEVPOQ_extracted.pdb,Y
HEVPUW_extracted.pdb,Y
HEVTOS_extracted.pdb,Y
HEVXUB_extracted.pdb,Y
HEWBEQ_extracted.pdb,Y
HEWKEA_extracted.pdb,Y
HEXZOA_extracted.pdb,Y
HEXZUG_extracted.pdb,Y
HEYBAP_extracted.pdb,Y
HEZBEU01_extracted.pdb,Y
HEZBIY01_extracted.pdb,Y
HEZWAK01_extracted.pdb,N
HIBCOK01_extracted.pdb,Y
HICDEE_extracted.pdb,Y
HICYOK_extracted.pdb,Y
HICYUQ_extracted.pdb,Y
HIGMES_extracted.pdb,Y
HIGMIW_extracted.pdb,Y
HIGPOF_extracted.pdb,Y
HIGROH_extracted.pdb,Y
HIJYIJ_extracted.pdb,Y
HIJYOP_extracted.pdb,Y
HILWOQ_extracted.pdb,Y
HIMTAY_extracted.pdb,Y
HIMTIG_extracted.pdb,Y
HIMTIG01_extracted.pdb,Y
HIRKIE_extracted.pdb,N
HIRKUQ_extracted.pdb,N
HIRLAX_extracted.pdb,N
HIRLEB_extracted.pdb,N
HISCOB_extracted.pdb,Y
HISMOM_extracted.pdb,Y
HISMOM01_extracted.pdb,Y
HITMON_extracted.pdb,Y
HITMUT_extracted.pdb,Y
HITNAA_extracted.pdb,Y
HITNEE_extracted.pdb,Y
HITNII_extracted.pdb,Y
HITNOO_extracted.pdb,Y
HITNUU_extracted.pdb,Y
HITPAC_extracted.pdb,Y
HITPEG_extracted.pdb,Y
HIWQEJ_extracted.pdb,Y
HOGZIO_extracted.pdb,Y
HOGZOU_extracted.pdb,Y
HOHCUD_extracted.pdb,N
HOHDAK_extracted.pdb,N
HOHYOU_extracted.pdb,M
HOJGAO_extracted.pdb,Y
HOKYUB01_extracted.pdb,N
HOMKIF_extracted.pdb,Y
HOMKOL_extracted.pdb,Y
HOMKUR_extracted.pdb,Y
HOMLAY_extracted.pdb,Y
HOMLEC_extracted.pdb,Y
HOMLIG_extracted.pdb,Y
HONYOA_extracted.pdb,Y
HONYUG_extracted.pdb,Y
HOPXUF_extracted.pdb,N
HOPYAM_extracted.pdb,N
HOTBIB_extracted.pdb,Y
HOWTOC_extracted.pdb,Y
HOWVUM_extracted.pdb,Y
HOWXOI_extracted.pdb,Y
HOWZIE_extracted.pdb,Y
HOWZOK_extracted.pdb,Y
HOYKAJ_extracted.pdb,N
HOYKEN_extracted.pdb,Y
HOYKIR_extracted.pdb,N
HOZBUU_extracted.pdb,Y
HOZMIS_extracted.pdb,Y
HUCCUE_extracted.pdb,M
HUCDIU_extracted.pdb,Y
HUCDOA_extracted.pdb,Y
HUDCOY_extracted.pdb,Y
HUDDEQ_extracted.pdb,Y
HUDFIW_extracted.pdb,Y
HUDJAR_extracted.pdb,N
HUDJEV_extracted.pdb,N
HUDLOJ_extracted.pdb,Y
HUDLOJ01_extracted.pdb,Y
HUFHOG_extracted.pdb,Y
HUGMEB_extracted.pdb,Y
HUHKOL_extracted.pdb,Y
HUJYOC_extracted.pdb,N
HUJYUI_extracted.pdb,N
HUKQOV_extracted.pdb,Y
HUKRAI_extracted.pdb,Y
HUKWIT_extracted.pdb,Y
HULDEZ_extracted.pdb,Y
HUNMEJ_extracted.pdb,Y
HUTREV_extracted.pdb,N
HUTRIZ_extracted.pdb,N
HUTROF_extracted.pdb,N
HUTRUL_extracted.pdb,N
HUTSAS_extracted.pdb,N
HUTSEW_extracted.pdb,N
HUTSIA_extracted.pdb,N
HUTSOG_extracted.pdb,N
HUTSUM_extracted.pdb,N
HUTTAT_extracted.pdb,N
HUVBEF_extracted.pdb,M
HUVBIL_extracted.pdb,N
HUVBOR_extracted.pdb,N
HUVBUX_extracted.pdb,N
HYCDOX_extracted.pdb,M
ICANOQ_extracted.pdb,Y
ICANUW_extracted.pdb,Y
ICAPAE_extracted.pdb,Y
ICIYIF_extracted.pdb,N
ICIYOL_extracted.pdb,N
ICIYUR_extracted.pdb,N
ICIZAY_extracted.pdb,N
ICUFAN_extracted.pdb,Y
ICUFIV_extracted.pdb,N
ICUFOB_extracted.pdb,Y
ICUSIL_extracted.pdb,N
ICUVAF_extracted.pdb,Y
ICUVEJ_extracted.pdb,Y
ICUVIN_extracted.pdb,Y
ICUVOT_extracted.pdb,Y
IDECEZ_extracted.pdb,N
IDECID_extracted.pdb,Y
IDELUB_extracted.pdb,Y
IDIGAG_extracted.pdb,Y
IDIKIQ_extracted.pdb,Y
IDIVUM_extracted.pdb,N
IDIWAT_extracted.pdb,N
IDONIZ_extracted.pdb,Y
IDUXAG01_extracted.pdb,N
IDUXEK01_extracted.pdb,N
IDUYIS_extracted.pdb,N
IDUYOY_extracted.pdb,N
IFOKUJ_extracted.pdb,Y
IFOSOO_extracted.pdb,N
IFOSUU_extracted.pdb,N
IFUVUB_extracted.pdb,Y
IGACIF_extracted.pdb,Y
IGANEK_extracted.pdb,Y
IGEKUC_extracted.pdb,Y
IHOHAQ_extracted.pdb,Y
IJIZIL_extracted.pdb,Y
IJUHEB_extracted.pdb,Y
IJUKEF_extracted.pdb,Y
IKAFUW_extracted.pdb,Y
IKAKAH_extracted.pdb,Y
IKARUH_extracted.pdb,N
IKASAO_extracted.pdb,N
IKASES_extracted.pdb,N
IKAVOF_extracted.pdb,Y
IKAVUL_extracted.pdb,Y
IKAWAS_extracted.pdb,Y
IKAWEW_extracted.pdb,Y
IKIGAL_extracted.pdb,N
IKUROX_extracted.pdb,N
IKURUD_extracted.pdb,N
IKUSAK_extracted.pdb,N
ILEZAA_extracted.pdb,N
ILOQAD_extracted.pdb,Y
ILUFEC_extracted.pdb,N
ILUFIG_extracted.pdb,N
ILUFIG01_extracted.pdb,N
ILUFOM_extracted.pdb,N
ILUGAZ_extracted.pdb,N
ILUGED_extracted.pdb,N
ILUGON_extracted.pdb,N
ILUGUT_extracted.pdb,N
ILUHAA_extracted.pdb,N
ILUHEE_extracted.pdb,Y
ILUHII_extracted.pdb,N
ILUHOO_extracted.pdb,N
ILUHUU_extracted.pdb,N
ILUJAC_extracted.pdb,N
ILUJEG_extracted.pdb,N
ILUJIK_extracted.pdb,N
ILUJOQ_extracted.pdb,N
ILUJUW_extracted.pdb,N
ILUKAD_extracted.pdb,N
ILUKEH_extracted.pdb,N
ILUKIL_extracted.pdb,N
ILUKOR_extracted.pdb,N
ILUKUX_extracted.pdb,N
ILUKUX01_extracted.pdb,N
ILULAE_extracted.pdb,N
ILULEI_extracted.pdb,N
ILULIM_extracted.pdb,N
ILULOS_extracted.pdb,N
ILUMAF_extracted.pdb,N
ILUPOW_extracted.pdb,N
ILUPUC_extracted.pdb,N
ILUQAJ_extracted.pdb,N
ILUQEN_extracted.pdb,N
ILUQIR_extracted.pdb,N
ILUQIR01_extracted.pdb,N
ILUQOX_extracted.pdb,N
ILURAK_extracted.pdb,N
ILUREO_extracted.pdb,N
ILURIS_extracted.pdb,N
ILUTEQ_extracted.pdb,N
ILUTIU_extracted.pdb,N
ILUTIU01_extracted.pdb,N
ILUVIW_extracted.pdb,N
INISII_extracted.pdb,N
INISOO_extracted.pdb,N
INIXOU_extracted.pdb,Y
IPIRAC_extracted.pdb,Y
IPOHAY_extracted.pdb,Y
IPUCEC_extracted.pdb,N
IPUCIG_extracted.pdb,N
IPUCOM_extracted.pdb,N
IPURUI_extracted.pdb,Y
IQIKUQ_extracted.pdb,Y
IQILAX_extracted.pdb,Y
IQILEB_extracted.pdb,Y
IQURES_extracted.pdb,Y
IRELEX_extracted.pdb,Y
IRELIB_extracted.pdb,Y
IRELOH_extracted.pdb,Y
IROMEI_extracted.pdb,Y
IRUSOD_extracted.pdb,Y
ITETUW_extracted.pdb,Y
ITETUW01_extracted.pdb,Y
IVAVAD_extracted.pdb,Y
IVAVEH_extracted.pdb,Y
IVAVIL_extracted.pdb,Y
IVEWUD_extracted.pdb,Y
IVEYIR_extracted.pdb,Y
IVEYOX_extracted.pdb,Y
IVEYUD_extracted.pdb,Y
IVEZAK_extracted.pdb,Y
IVEZEO_extracted.pdb,Y
IVIYIV_extracted.pdb,Y
IVIYOB_extracted.pdb,N
IVIYUH_extracted.pdb,N
IVIZAO_extracted.pdb,N
IVOXAS_extracted.pdb,Y
IVUPUM_extracted.pdb,N
IWATOP_extracted.pdb,N
IWATUV_extracted.pdb,N
IWEXIR_extracted.pdb,Y
IWIWER_extracted.pdb,M
IWUTEB_extracted.pdb,Y
IXAFAQ_extracted.pdb,Y
IXEHAU_extracted.pdb,Y
IXEHEY_extracted.pdb,Y
IXETAH_extracted.pdb,N
IYOWOJ_extracted.pdb,N
IZATEJ01_extracted.pdb,Y
IZIKUX_extracted.pdb,Y
IZILAE_extracted.pdb,Y
IZOCEG_extracted.pdb,Y
JABZER_extracted.pdb,Y
JABZER10_extracted.pdb,Y
JAJHUA_extracted.pdb,Y
JAKZUQ_extracted.pdb,N
JALBAZ_extracted.pdb,N
JALFAD_extracted.pdb,N
JALFOR_extracted.pdb,N
JALGAE_extracted.pdb,N
JALPUI_extracted.pdb,Y
JALQAP_extracted.pdb,Y
JAMBOR_extracted.pdb,Y
JAMTEW_extracted.pdb,Y
JAQLAR_extracted.pdb,Y
JAQLIZ_extracted.pdb,Y
JAQLOF_extracted.pdb,Y
JAQLUL_extracted.pdb,Y
JAQMAS_extracted.pdb,Y
JAQMEW_extracted.pdb,Y
JAQWUT_extracted.pdb,Y
JAQXAA_extracted.pdb,Y
JAQXEE_extracted.pdb,Y
JAQXII_extracted.pdb,Y
JAQXOO_extracted.pdb,Y
JAVBIR_extracted.pdb,M
JAXLEZ_extracted.pdb,Y
JAXSEH_extracted.pdb,Y
JAXSIL01_extracted.pdb,M
JAXYIQ_extracted.pdb,N
JAXZUE_extracted.pdb,Y
JAYBEQ_extracted.pdb,N
JAYDIW_extracted.pdb,N
JAZBOC01_extracted.pdb,Y
JAZJOJ_extracted.pdb,M
JAZJOJ10_extracted.pdb,Y
JAZSOV01_extracted.pdb,Y
JEBSUE_extracted.pdb,M
JEBTAL_extracted.pdb,N
JEDHOS_extracted.pdb,Y
JEHJOV_extracted.pdb,Y
JEHJOV10_extracted.pdb,M
JEHJUB_extracted.pdb,M
JEHJUB10_extracted.pdb,M
JEJWIE01_extracted.pdb,Y
JEKHEM_extracted.pdb,N
JELREX_extracted.pdb,Y
JELRIB_extracted.pdb,Y
JELROH_extracted.pdb,Y
JELTEC_extracted.pdb,Y
JEMREY_extracted.pdb,N
JEMRIC_extracted.pdb,N
JEMWII_extracted.pdb,Y
JENWEF_extracted.pdb,Y
JENWIJ_extracted.pdb,Y
JEPGUG_extracted.pdb,Y
JEVDOE_extracted.pdb,Y
JEVDUK_extracted.pdb,Y
JEVFAS_extracted.pdb,Y
JEVFEW_extracted.pdb,Y
JEVMIJ_extracted.pdb,N
JEVMOP_extracted.pdb,N
JEVMUV_extracted.pdb,N
JEVNAC_extracted.pdb,N
JIBBOL_extracted.pdb,Y
JIFJOX_extracted.pdb,Y
JIFJUD_extracted.pdb,Y
JIFVEZ_extracted.pdb,Y
JIFVID_extracted.pdb,Y
JIHFEO_extracted.pdb,N
JIHFIS_extracted.pdb,N
JIHFOY_extracted.pdb,N
JIHFUE_extracted.pdb,N
JIJHAL_extracted.pdb,N
JIJHEP_extracted.pdb,N
JIJWIL_extracted.pdb,Y
JILKEU_extracted.pdb,Y
JIPWEL_extracted.pdb,N
JIQQOP_extracted.pdb,Y
JIQQUV_extracted.pdb,Y
JIRJID_extracted.pdb,Y
JIRJOJ_extracted.pdb,Y
JITFEA_extracted.pdb,N
JITFIE_extracted.pdb,N
JITFOK_extracted.pdb,N
JITFUQ_extracted.pdb,N
JITGAX_extracted.pdb,N
JITGEB_extracted.pdb,N
JITGIF_extracted.pdb,N
JITLED_extracted.pdb,Y
JIVKAA_extracted.pdb,Y
JIZGIK_extracted.pdb,Y
JIZGOQ_extracted.pdb,Y
JOBSOI_extracted.pdb,Y
JOBSUO_extracted.pdb,Y
JOBTAV_extracted.pdb,Y
JOBTEZ_extracted.pdb,Y
JOBTID_extracted.pdb,Y
JOBTUP_extracted.pdb,Y
JOCLUK_extracted.pdb,Y
JOGDIU_extracted.pdb,Y
JOJRIJ_extracted.pdb,Y
JOKHUO_extracted.pdb,Y
JOKJAW_extracted.pdb,Y
JOKYAL_extracted.pdb,N
JOKYEP_extracted.pdb,N
JOSLUY_extracted.pdb,N
JOSMAF_extracted.pdb,N
JOSMEJ_extracted.pdb,Y
JOTRIV_extracted.pdb,N
JOTROZ_extracted.pdb,N
JOXWEA_extracted.pdb,Y
JUBZUD_extracted.pdb,Y
JUCBAM_extracted.pdb,Y
JUCBEQ_extracted.pdb,Y
JUDMEA_extracted.pdb,N
JUHNUV01_extracted.pdb,Y
JUHNUV02_extracted.pdb,Y
JULBAT_extracted.pdb,Y
JUMDOK_extracted.pdb,M
JUMFAY_extracted.pdb,M
JUMFEC_extracted.pdb,M
JUMGED_extracted.pdb,M
JUMGIH_extracted.pdb,M
JUNCAC_extracted.pdb,Y
JUPWUM_extracted.pdb,Y
JURKOW_extracted.pdb,Y
JURKUC_extracted.pdb,Y
JUSHUA_extracted.pdb,N
JUSJAI_extracted.pdb,N
JUSJAI01_extracted.pdb,N
JUSJIQ_extracted.pdb,N
JUSJUC_extracted.pdb,M
JUYDAK_extracted.pdb,N
JUYLUM_extracted.pdb,Y
KABTUC_extracted.pdb,Y
KADPHD01_extracted.pdb,N
KAHVEU_extracted.pdb,Y
KAJTIA_extracted.pdb,Y
KAJTOG_extracted.pdb,Y
KAKHIQ_extracted.pdb,Y
KAKHOW_extracted.pdb,Y
KAKHUC_extracted.pdb,Y
KAQKUK_extracted.pdb,Y
KAQLAR_extracted.pdb,Y
KAQLEV_extracted.pdb,Y
KARPIE_extracted.pdb,N
KATBAJ_extracted.pdb,Y
KATDAL_extracted.pdb,Y
KAYNUT01_extracted.pdb,N
KAYRIN_extracted.pdb,Y
KEBLAE_extracted.pdb,N
KEBLEI_extracted.pdb,N
KEBPEM_extracted.pdb,Y
KEBPOW_extracted.pdb,N
KEBPUC_extracted.pdb,Y
KECLOV_extracted.pdb,N
KEDREQ_extracted.pdb,N
KEGXID_extracted.pdb,Y
KEGXOJ_extracted.pdb,Y
KEGXUP_extracted.pdb,N
KEGZUR_extracted.pdb,Y
KEHJEP_extracted.pdb,N
KEJDEL_extracted.pdb,Y
KEJFAJ_extracted.pdb,Y
KEJPAS_extracted.pdb,Y
KEJZEH_extracted.pdb,Y
KEJZIL_extracted.pdb,Y
KEKSEB_extracted.pdb,Y
KEPGIV_extracted.pdb,N
KEPNAW_extracted.pdb,N
KEPNEA_extracted.pdb,N
KERNAW_extracted.pdb,Y
KERNEA_extracted.pdb,Y
KERNEA01_extracted.pdb,Y
KERTOR_extracted.pdb,Y
KERWOT_extracted.pdb,Y
KERWUZ_extracted.pdb,Y
KEVDAS_extracted.pdb,Y
KEVDUL_extracted.pdb,Y
KEXBEV_extracted.pdb,Y
KEXBIZ_extracted.pdb,Y
KEXBOF_extracted.pdb,Y
KEYGIF_extracted.pdb,Y
KEYXOE_extracted.pdb,Y
KEZLOT01_extracted.pdb,Y
KEZQUD_extracted.pdb,Y
KIDKIT_extracted.pdb,Y
KIFQAU_extracted.pdb,Y
KIFQEY_extracted.pdb,Y
KIJJIW_extracted.pdb,Y
KIJXOQ_extracted.pdb,Y
KIJYIL_extracted.pdb,Y
KIKLEW_extracted.pdb,Y
KIKYEI_extracted.pdb,Y
KINDOA_extracted.pdb,Y
KIPSUX_extracted.pdb,Y
KIPZAN_extracted.pdb,N
KIQDUJ_extracted.pdb,N
KIRJEA_extracted.pdb,Y
KIRTEK_extracted.pdb,N
KIRTIO_extracted.pdb,N
KITLEE_extracted.pdb,Y
KITMIL_extracted.pdb,Y
KITMOR_extracted.pdb,Y
KITMUX_extracted.pdb,Y
KITNAE_extracted.pdb,Y
KITNEI_extracted.pdb,Y
KIVCOK_extracted.pdb,N
KIWPIP_extracted.pdb,Y
KIYREQ_extracted.pdb,N
KODDUE_extracted.pdb,Y
KODFAM_extracted.pdb,Y
KODFEQ_extracted.pdb,Y
KODTUS_extracted.pdb,Y
KODTUS10_extracted.pdb,Y
KODWAB_extracted.pdb,N
KOFHOC_extracted.pdb,Y
KOHBUE_extracted.pdb,N
KOHFOD_extracted.pdb,Y
KOHFUJ_extracted.pdb,Y
KOHGAQ_extracted.pdb,Y
KOHGEU_extracted.pdb,Y
KOHGIY_extracted.pdb,Y
KOJNAA01_extracted.pdb,Y
KOJNEE01_extracted.pdb,Y
KOJNOO01_extracted.pdb,Y
KOLMAZ_extracted.pdb,N
KOLMED_extracted.pdb,N
KOLMIH_extracted.pdb,N
KOMTUB_extracted.pdb,Y
KOMVAJ_extracted.pdb,Y
KOVJAG_extracted.pdb,Y
KOVJEK_extracted.pdb,Y
KOVJIO_extracted.pdb,Y
KOXMER_extracted.pdb,Y
KOXMIV_extracted.pdb,Y
KOYXIF_extracted.pdb,N
KUDVEL_extracted.pdb,N
KUDVIP_extracted.pdb,Y
KUJFAW_extracted.pdb,Y
KUJFEA_extracted.pdb,Y
KUJVER_extracted.pdb,Y
KUJVIV_extracted.pdb,Y
KUJZEV_extracted.pdb,Y
KUMKUZ_extracted.pdb,Y
KUMLAG_extracted.pdb,Y
KUMMEK01_extracted.pdb,M
KUPTUK_extracted.pdb,N
KURHAH_extracted.pdb,Y
KUSLEP_extracted.pdb,Y
KUSLUF_extracted.pdb,Y
KUSLUF01_extracted.pdb,Y
KUSMUG_extracted.pdb,Y
KUTDAF_extracted.pdb,Y
KUTKOZ_extracted.pdb,N
KUVJOC_extracted.pdb,Y
KUYRON_extracted.pdb,Y
KUZTEF_extracted.pdb,Y
LABJIH_extracted.pdb,Y
LADLUX_extracted.pdb,Y
LAFDON01_extracted.pdb,Y
LAGRAM_extracted.pdb,Y
LAGRIU_extracted.pdb,Y
LAGVOF_extracted.pdb,Y
LAGVUL_extracted.pdb,Y
LAGVUL01_extracted.pdb,M
LAGWAS_extracted.pdb,Y
LAGWEW_extracted.pdb,Y
LAGWIA_extracted.pdb,Y
LAHBAX_extracted.pdb,N
LAMMAQ_extracted.pdb,Y
LANMIX_extracted.pdb,Y
LAPWOQ_extracted.pdb,Y
LAQDAJ01_extracted.pdb,Y
LAQJAQ_extracted.pdb,Y
LAQPUR_extracted.pdb,N
LAQQAY_extracted.pdb,N
LAQQEC_extracted.pdb,N
LAQQIG_extracted.pdb,N
LAQQOM_extracted.pdb,N
LAQQUS_extracted.pdb,N
LAQRAZ_extracted.pdb,N
LAQRED_extracted.pdb,N
LAQRIH_extracted.pdb,N
LAQRUT_extracted.pdb,N
LAQSAA_extracted.pdb,N
LAQSEE_extracted.pdb,N
LAQSII_extracted.pdb,N
LAQSOO_extracted.pdb,Y
LAQVEG_extracted.pdb,Y
LAQVEG01_extracted.pdb,Y
LARGPH01_extracted.pdb,Y
LAVQOQ_extracted.pdb,Y
LAVQUW_extracted.pdb,Y
LAVRAD_extracted.pdb,Y
LAVREH_extracted.pdb,Y
LAVRIL_extracted.pdb,Y
LAVROR_extracted.pdb,Y
LAVRUX_extracted.pdb,Y
LAWJOL_extracted.pdb,Y
LAXJOM_extracted.pdb,Y
LAXYEP_extracted.pdb,Y
LAXYIT_extracted.pdb,Y
LAXYIV01_extracted.pdb,Y
LEBNEM_extracted.pdb,Y
LEDWID_extracted.pdb,Y
LEFPOD_extracted.pdb,Y
LEGPOE_extracted.pdb,Y
LEGRUM_extracted.pdb,Y
LEGVIE_extracted.pdb,Y
LEHYUT_extracted.pdb,Y
LEHZAA_extracted.pdb,Y
LEHZEE_extracted.pdb,Y
LEHZII_extracted.pdb,Y
LEJQIC_extracted.pdb,N
LEJQOI_extracted.pdb,N
LEJQUO_extracted.pdb,N
LEJRAV_extracted.pdb,N
LEKGAM_extracted.pdb,Y
LEMWOR_extracted.pdb,Y
LEMWUX_extracted.pdb,Y
LEMXAE_extracted.pdb,Y
LEQHUL_extracted.pdb,M
LEQYIS_extracted.pdb,Y
LEVMEG_extracted.pdb,N
LEVMEG01_extracted.pdb,N
LEWDIB_extracted.pdb,Y
LEZKAF_extracted.pdb,Y
LEZKAF01_extracted.pdb,Y
LEZKEJ_extracted.pdb,Y
LEZKEJ01_extracted.pdb,Y
LIDHUC_extracted.pdb,N
LIDJAK_extracted.pdb,N
LIDJEO_extracted.pdb,N
LIDJIS_extracted.pdb,N
LIDJOY_extracted.pdb,N
LIDJUE_extracted.pdb,N
LIFBEH_extracted.pdb,N
LIFRUQ_extracted.pdb,Y
LIGBEK_extracted.pdb,Y
LIGBIO_extracted.pdb,Y
LIGKAN_extracted.pdb,Y
LIGTEA_extracted.pdb,Y
LIHHUH_extracted.pdb,Y
LIHJAP_extracted.pdb,Y
LIHZEI_extracted.pdb,N
LIHZEI01_extracted.pdb,N
LIJGUH_extracted.pdb,Y
LIJKAQ_extracted.pdb,Y
LIJKAQ01_extracted.pdb,Y
LIJNUN_extracted.pdb,Y
LIJNUN01_extracted.pdb,Y
LIJVUW_extracted.pdb,Y
LIJWAD_extracted.pdb,Y
LIJWAD01_extracted.pdb,Y
LIKDIV_extracted.pdb,N
LIKDOB_extracted.pdb,N
LIKDUH_extracted.pdb,N
LIKFER_extracted.pdb,Y
LIKHAR_extracted.pdb,Y
LILFIW_extracted.pdb,Y
LILLOK_extracted.pdb,Y
LIMHEW_extracted.pdb,N
LIMJAU_extracted.pdb,N
LIRNAE_extracted.pdb,Y
LIRNEI_extracted.pdb,Y
LIRNIM_extracted.pdb,Y
LIRNOS_extracted.pdb,Y
LIRNUY_extracted.pdb,Y
LIRTEN_extracted.pdb,Y
LIRWOZ_extracted.pdb,N
LIRWUF_extracted.pdb,N
LIRXAM_extracted.pdb,N
LIRXEQ_extracted.pdb,N
LIRXIU_extracted.pdb,N
LISBOH_extracted.pdb,Y
LISBUN_extracted.pdb,Y
LISTEN_extracted.pdb,Y
LITTUE_extracted.pdb,Y
LITVAM_extracted.pdb,Y
LITVEQ_extracted.pdb,Y
LITVIU_extracted.pdb,Y
LITVOA_extracted.pdb,Y
LITVUG_extracted.pdb,Y
LITWAN_extracted.pdb,Y
LITWER_extracted.pdb,Y
LITWIV_extracted.pdb,Y
LITWOB_extracted.pdb,Y
LITWUH_extracted.pdb,Y
LITXAO_extracted.pdb,Y
LITXES_extracted.pdb,Y
LITXIW_extracted.pdb,Y
LITXOC_extracted.pdb,Y
LITXUI_extracted.pdb,Y
LITYAP_extracted.pdb,Y
LITYET_extracted.pdb,Y
LITYIX_extracted.pdb,Y
LITYOD_extracted.pdb,Y
LITYUJ_extracted.pdb,Y
LITZAQ_extracted.pdb,Y
LITZEU_extracted.pdb,Y
LITZIY_extracted.pdb,Y
LITZOE_extracted.pdb,Y
LITZUK_extracted.pdb,Y
LIVBAU_extracted.pdb,Y
LIVBEY_extracted.pdb,Y
LIVBIC_extracted.pdb,Y
LIVBOI_extracted.pdb,Y
LIVBUO_extracted.pdb,Y
LIVCAV_extracted.pdb,Y
LIVCEZ_extracted.pdb,Y
LIVCID_extracted.pdb,Y
LIVCOJ_extracted.pdb,Y
LIVCUP_extracted.pdb,Y
LIVDAW_extracted.pdb,Y
LIVDEA_extracted.pdb,Y
LIWFII_extracted.pdb,N
LIWFOO_extracted.pdb,N
LIWFUU_extracted.pdb,N
LIXCIE_extracted.pdb,Y
LODFEQ_extracted.pdb,N
LOGLOK_extracted.pdb,Y
LOGMAX_extracted.pdb,N
LOGMEB_extracted.pdb,N
LOGYAI_extracted.pdb,Y
LOJMIH_extracted.pdb,N
LOLBIY_extracted.pdb,N
LOLBIY01_extracted.pdb,N
LOLCOF_extracted.pdb,N
LOLHUP_extracted.pdb,Y
LOLJAX_extracted.pdb,Y
LOPKIM_extracted.pdb,N
LOPTIT_extracted.pdb,Y
LOQREQ_extracted.pdb,Y
LOQRIU_extracted.pdb,N
LOTDUV_extracted.pdb,N
LOTFAD_extracted.pdb,N
LOTFEH_extracted.pdb,N
LOTFIL_extracted.pdb,N
LOTYUO_extracted.pdb,N
LOTYUO01_extracted.pdb,N
LOXJUF_extracted.pdb,Y
LOXNET_extracted.pdb,Y
LOZPAT01_extracted.pdb,Y
LUBPUT_extracted.pdb,N
LUCYAL_extracted.pdb,Y
LUCYEP_extracted.pdb,Y
LUCYOZ_extracted.pdb,Y
LUDKOK_extracted.pdb,M
LUGKUV_extracted.pdb,Y
LUHDAU_extracted.pdb,Y
LUJHEE_extracted.pdb,Y
LUJHII_extracted.pdb,Y
LUKFON_extracted.pdb,Y
LUKFUT_extracted.pdb,Y
LULMAH_extracted.pdb,Y
LUMHEG_extracted.pdb,N
LUMHIK_extracted.pdb,Y
LUMHOQ_extracted.pdb,Y
LUMKAF_extracted.pdb,N
LUMKIN_extracted.pdb,N
LUMWIB_extracted.pdb,N
LUMWOH_extracted.pdb,N
LUMWUN_extracted.pdb,N
LUMXAU_extracted.pdb,N
LUMXEY_extracted.pdb,N
LUMXIC_extracted.pdb,N
LUMXOI_extracted.pdb,N
LUMXUO_extracted.pdb,N
LUMZRF_extracted.pdb,M
LUMZRF01_extracted.pdb,Y
LUPLAK_extracted.pdb,N
LUPLEO_extracted.pdb,N
LUPLIS_extracted.pdb,N
LUPLOY_extracted.pdb,N
LUPLUE_extracted.pdb,N
LUPMAL_extracted.pdb,N
LUQHAI_extracted.pdb,Y
LUQHIQ_extracted.pdb,Y
LUQJAK_extracted.pdb,Y
LUQKEO_extracted.pdb,Y
LUQLAM_extracted.pdb,Y
LUQLEQ_extracted.pdb,Y
LUQLIU_extracted.pdb,N
LUQLIU01_extracted.pdb,Y
LUQLUG_extracted.pdb,Y
LUSXEC_extracted.pdb,Y
LUTCOS_extracted.pdb,Y
LUWLIA_extracted.pdb,Y
LUZZUB_extracted.pdb,N
MAADIM10_extracted.pdb,Y
MABVES_extracted.pdb,Y
MABVIW_extracted.pdb,Y
MAGJOW_extracted.pdb,N
MAGVIB_extracted.pdb,Y
MAGVOH_extracted.pdb,Y
MAGVUN_extracted.pdb,Y
MAGWAU_extracted.pdb,Y
MANBZA_extracted.pdb,N
MANRAW_extracted.pdb,Y
MANREA_extracted.pdb,Y
MANRIE_extracted.pdb,Y
MAOCDA_extracted.pdb,N
MAOCDB_extracted.pdb,Y
MAPDIT_extracted.pdb,Y
MAPDOZ_extracted.pdb,Y
MAPDUF_extracted.pdb,N
MAPKUJ_extracted.pdb,Y
MAPPAW_extracted.pdb,Y
MAPPEA_extracted.pdb,Y
MAPSON_extracted.pdb,Y
MAPSUT_extracted.pdb,Y
MAPTAA_extracted.pdb,Y
MAQBOY_extracted.pdb,N
MAQBOY01_extracted.pdb,N
MAQJIA_extracted.pdb,Y
MAQJOG_extracted.pdb,Y
MAQJUM_extracted.pdb,Y
MARFIV_extracted.pdb,Y
MASQEC_extracted.pdb,Y
MASQIG_extracted.pdb,Y
MAVLIE_extracted.pdb,M
MAXZOA_extracted.pdb,Y
MAXZUG_extracted.pdb,Y
MAYBAP_extracted.pdb,Y
MAYBAP01_extracted.pdb,Y
MAZMCP_extracted.pdb,N
MBEQUN_extracted.pdb,Y
MCACET01_extracted.pdb,Y
MDXPHO_extracted.pdb,Y
MEANLD_extracted.pdb,N
MECBIH_extracted.pdb,M
MECQOD_extracted.pdb,Y
