CIF,NAperUC
ABIGEY01_extractedm.cif,2780
ABIGEY_extracted.cif,2780
ACIVAK_extracted.cif,1168
ADODOM_extracted.cif,960
ADODUS_extracted.cif,1702
ADORAO_extracted.cif,912
AFIWAN_extracted.cif,1304
AGEBAP_extracted.cif,324
AGEBET_extracted.cif,612
AHABIU_extracted.cif,244
AHABOA_extracted.cif,247
AHINOW_extracted.cif,492
AHUBIP_extracted.cif,354
AJAREI_extracted.cif,1458
AJEMUZ_extracted.cif,982
AJENAG_extracted.cif,969
AJENEK_extracted.cif,1012
AJENIO_extracted.cif,2312
AKECEY_extracted.cif,1652
ALEPEO_extracted.cif,772
ALEPOY_extracted.cif,558
ALEPUE_extracted.cif,808
ALEQAL_extracted.cif,370
ALICUU_extracted.cif,748
ALIZAW_extracted.cif,160
ALIZEA_extracted.cif,179
AMIWEY_extracted.cif,434
ANEYAV_extracted.cif,1032
ANEYEZ_extracted.cif,740
ANEYID_extracted.cif,1032
AQEROE_extracted.cif,2084
AQOVOS_extracted.cif,656
AQOVUY_extracted.cif,1316
ATIHER_extracted.cif,272
ATIHIV_extracted.cif,273
ATOXIR_extracted.cif,556
ATUHUT_extracted.cif,420
ATUJAB_extracted.cif,266
AVAMIT_extracted.cif,780
AVAMOZ_extracted.cif,808
AVAMUF_extracted.cif,823
AVANAM_extracted.cif,1040
AVANEQ_extracted.cif,262
AVANIU_extracted.cif,378
AVANOA_extracted.cif,300
AVELAQ_extracted.cif,912
AVELEU_extracted.cif,1840
AVELIY_extracted.cif,860
AVELOE_extracted.cif,5176
AWEZIN_extracted.cif,972
AXENAT_extracted.cif,3196
BALGEC_extracted.cif,932
BALGIG_extracted.cif,1868
BALGOM_extracted.cif,914
BALGUS_extracted.cif,896
BALHAZ_extracted.cif,3852
BALHED_extracted.cif,3488
BAMQUD_extracted.cif,382
BAVDAF_extracted.cif,2452
BAVJOA_extracted.cif,1440
BAVJUG_extracted.cif,484
BAXMOE_extracted.cif,516
BEBHOF_extracted.cif,2072
BEHKIJ_extracted.cif,310
BEHKOP_extracted.cif,508
BEPXIF_extracted.cif,736
BEQSIC_extracted.cif,3736
BEQSOI_extractedm.cif,7428
BEYSUV_extracted.cif,464
BEZNIG_extracted.cif,820
BEZNOM_extracted.cif,3176
BIBZUK_extracted.cif,3636
BICBAT_extracted.cif,3656
BICBEX_extracted.cif,3608
BICGAY_extractedm.cif,4712
BICWOA_extracted.cif,442
BIMXIF_extracted.cif,942
BIXFEU_extracted.cif,114
BIXFIY_extracted.cif,102
BIZFEX_extracted.cif,3396
BOBRIU_extracted.cif,848
BOBROA_extracted.cif,944
BOBZUP_extracted.cif,544
BOGYUT_extracted.cif,1512
BOGZAA_extracted.cif,572
BOGZEE_extracted.cif,1416
BOQBAM_extractedm.cif,4096
BOQFAQ_extracted.cif,1812
BOQFEU_extracted.cif,4356
BOSPEG_extracted.cif,3636
BOSYIT_extractedm.cif,4468
BUFVIJ_extracted.cif,437
BUPDIA_extracted.cif,584
BUSNIN_extracted.cif,1174
BUSXIY_extracted.cif,914
BUSXOE_extracted.cif,1800
BUSYAR_extractedm.cif,2386
BUVYEY_extracted.cif,404
CABTUX_extracted.cif,636
CABVEJ_extracted.cif,528
CABVIN_extracted.cif,456
CADVAH_extracted.cif,504
CADVEL_extracted.cif,336
CAFQIL_extracted.cif,466
CAFQOR_extracted.cif,3236
CAFQUX_extracted.cif,2224
CAFRAE_extracted.cif,948
CAWSEB_extracted.cif,364
CAWSIF_extracted.cif,324
CAWSOL_extracted.cif,356
CEKDEC_extracted.cif,2852
CETBEL_extracted.cif,1624
CIMQOE_extracted.cif,400
CIMQUK_extracted.cif,386
CIMROF_extracted.cif,2444
CIRVAC_extracted.cif,256
CITTUV01_extracted.cif,272
CITVAD_extracted.cif,232
CITVEH_extracted.cif,1116
COCBED_extracted.cif,250
COHPAS_extracted.cif,398
COJFUD_extracted.cif,710
COPPAA_extracted.cif,3860
COSZOA_extracted.cif,1560
COSZUG_extracted.cif,2228
COWBIA_extracted.cif,1480
CUDYEG_extracted.cif,1833
CUDYIK_extracted.cif,3700
CUDYOQ_extracted.cif,3700
CUDYUW_extracted.cif,1844
CUPFOK_extracted.cif,1766
CUPFUQ_extracted.cif,1664
CUPTEO_extracted.cif,912
CUPTIS_extracted.cif,1754
DABDER_extracted.cif,172
DABDIV_extracted.cif,176
DAHFUP_extracted.cif,1334
DAHGAW_extracted.cif,2704
DAHGEA_extracted.cif,454
DAHGIE_extracted.cif,1484
DAHGOK_extracted.cif,1324
DAHGUQ_extracted.cif,1204
DAKKOQ_extracted.cif,940
DAKXEV_extracted.cif,1092
DALTES_extracted.cif,864
DALVUK_extracted.cif,432
DANZUP_extracted.cif,427
DAPBAZ_extracted.cif,333
DAPGUZ01_extracted.cif,1442
DAPGUZ02_extracted.cif,716
DAPGUZ03_extracted.cif,714
DAPGUZ_extracted.cif,714
DAQVUP_extracted.cif,638
DAQWAW_extracted.cif,1876
DARKOY_extracted.cif,348
DARKUE_extracted.cif,600
DATZUU_extracted.cif,452
DAVBAE_extracted.cif,444
DEBLOM_extracted.cif,390
DEBLUS_extracted.cif,1172
DEHDEB_extracted.cif,1732
DEHDIF_extracted.cif,5484
DEHDOL_extracted.cif,7292
DEHDUR_extracted.cif,1654
DEMWIC_extracted.cif,1096
DICYUM_extracted.cif,626
DICZAT_extracted.cif,282
DIJMOA_extracted.cif,720
DIJMUG_extracted.cif,2310
DIQQAV_extracted.cif,194
DIQQEZ_extracted.cif,194
DOBRIX_extracted.cif,5456
DOBROD_extracted.cif,2368
DOBRUJ_extracted.cif,892
DONJAT_extracted.cif,96
DOVMUW_extracted.cif,57
DUBJIU_extracted.cif,184
EBELUS_extracted.cif,706
ECAPIJ_extracted.cif,3132
ECOLUD_extracted.cif,648
EDIBIC_extracted.cif,608
EFUTAA_extracted.cif,878
EFUTEE_extracted.cif,3822
EGEFOM_extracted.cif,2350
EGIGIK_extracted.cif,210
EGIZOL_extracted.cif,2352
EGIZUR_extracted.cif,2024
EHARIO_extracted.cif,226
EHAROU_extracted.cif,198
EHARUA_extracted.cif,1024
EHIHIN_extracted.cif,1324
ELAVET_extracted.cif,200
ELUGIB_extracted.cif,1366
ELUPAD_extracted.cif,1088
EQESEA_extracted.cif,328
EQESIE_extracted.cif,336
EQESOK_extracted.cif,356
EQESUQ_extracted.cif,336
EQEVIG_extracted.cif,440
EQEVOM_extracted.cif,324
EQEVUS_extracted.cif,1608
EQEWAZ_extracted.cif,1868
ESADOS_extracted.cif,320
ESEYEG_extracted.cif,176
ESEYIK01_extracted.cif,180
ESEYIK_extracted.cif,180
ESEYOQ_extracted.cif,188
ESEYUW_extracted.cif,200
EVEBEO_extracted.cif,1250
EVEBIS_extracted.cif,1217
EVEBOY_extracted.cif,4362
EWIBUJ_extracted.cif,408
EWICAQ_extracted.cif,1684
EWICEU_extracted.cif,282
EWICIY_extracted.cif,1480
EWICOE_extracted.cif,672
EWICUK_extracted.cif,892
EWIGAT_extracted.cif,1780
EWIGEX_extracted.cif,842
EWIGIB_extracted.cif,421
EWIGOH_extracted.cif,924
EWIGUN_extracted.cif,1110
EWIHAU_extracted.cif,998
EWIHEY_extracted.cif,784
EWIHOI_extracted.cif,549
EWIHUO_extracted.cif,1024
EWUMUE_extracted.cif,1016
EYEVOV_extracted.cif,320
EYEVUB_extracted.cif,504
EYEWAI_extracted.cif,1704
EYIBUL_extracted.cif,1980
EZARUT_extracted.cif,176
EZASAA_extracted.cif,180
EZASEE_extracted.cif,96
EZEVAI_extracted.cif,516
EZEVEM_extracted.cif,1304
EZEVIQ_extracted.cif,1344
EZIYOB_extracted.cif,106
EZIZES_extracted.cif,184
EZOBAW_extracted.cif,180
FABQOO_extracted.cif,772
FADNAZ_extracted.cif,176
FAJQIT_extracted.cif,291
FAJQOZ_extracted.cif,291
FAJQUF_extracted.cif,648
FAJRAM_extracted.cif,576
FAJREQ_extracted.cif,1140
FAJRIU_extracted.cif,1248
FAKZIC_extracted.cif,960
FARNIY_extracted.cif,192
FATNUK_extracted.cif,1644
FATPAS_extracted.cif,717
FEBXUH_extracted.cif,2160
FECHOL_extracted.cif,492
FEMRUL_extracted.cif,332
FEMSEW_extracted.cif,1736
FENNET_extracted.cif,1620
FEQQEX_extracted.cif,108
FESJES_extracted.cif,446
FESLEU_extracted.cif,598
FEXCIW_extracted.cif,1970
FIBBOJ_extracted.cif,974
FIBTER_extracted.cif,1590
FIBTIV_extracted.cif,246
FILGEP_extracted.cif,2340
FINHIV_extracted.cif,468
FINHOB_extracted.cif,390
FIVFOG_extracted.cif,624
FIVFUM_extracted.cif,504
FIVGAT_extracted.cif,624
FIVGEX_extracted.cif,290
FIVGIB_extracted.cif,596
FIVGOH_extracted.cif,544
FOCVUP_extracted.cif,264
FOPFOG_extracted.cif,1821
FOPGAT_extracted.cif,1704
FOPGEX_extracted.cif,3088
FOPKEB_extracted.cif,480
FUDRUR10_extracted.cif,272
FUDRUR_extracted.cif,230
FUHXOX_extracted.cif,752
FUNCUN_extracted.cif,1676
GACVUC_extracted.cif,820
GAFHED_extracted.cif,1522
GAFHIH_extractedm.cif,2188
GAFHON_extracted.cif,1464
GAJWUM_extracted.cif,1157
GAKFIK_extracted.cif,1840
GAKFOQ_extracted.cif,3244
GARWUR_extracted.cif,3600
GARYAZ_extracted.cif,1152
GAWHUJ_extracted.cif,452
GAYLAW_extractedm.cif,13836
GAYLEA_extractedm.cif,2580
GEBHEC_extracted.cif,1106
GEBHIG_extracted.cif,1046
GENWON_extracted.cif,1116
GENWUT_extracted.cif,1048
GENXAA_extracted.cif,1040
GENXEE_extracted.cif,984
GEQSEC_extracted.cif,228
GEQSIG_extracted.cif,244
GEQSOM_extracted.cif,292
GEQSUS_extracted.cif,225
GERCOX_extracted.cif,744
GERCUD_extracted.cif,1136
GERDAK_extracted.cif,656
GEWMUT_extracted.cif,860
GEWPEG_extracted.cif,934
GIDFEG_extracted.cif,1092
GIDFIK_extracted.cif,2100
GIDFOQ_extracted.cif,1034
GIDFUW_extracted.cif,1086
GIDGAD_extracted.cif,1002
GIDGEH_extractedm.cif,2580
GIDGIL_extracted.cif,1620
GIDGOR_extracted.cif,1820
GIDGUX_extracted.cif,1832
GIDHAE_extracted.cif,1092
GIDLOX_extracted.cif,432
GIDLUD_extracted.cif,256
GIDMEO_extracted.cif,522
GIHSAU_extracted.cif,105
GIHSEY_extracted.cif,380
GIJFUD_extracted.cif,99
GIKDEM_extracted.cif,586
GIKDIQ_extracted.cif,548
GIXKEE_extracted.cif,302
GIYMOR_extracted.cif,1658
GIYMUX_extracted.cif,2072
GOHSOM_extracted.cif,674
GOJREC_extracted.cif,546
GOMVUZ_extracted.cif,322
GOYGEG_extracted.cif,478
GOYGIK_extracted.cif,1892
GULREK_extracted.cif,484
GULRIO_extracted.cif,1288
GULROU_extracted.cif,380
GUPPOW01_extracted.cif,88
GUPPOW_extracted.cif,96
GUSRAP_extracted.cif,1070
GUSRET_extracted.cif,998
GUSRIX_extracted.cif,890
GUSROD_extracted.cif,838
GUSRUJ_extracted.cif,780
GUSSAQ_extracted.cif,816
GUWNOB_extracted.cif,492
GUWNUH_extracted.cif,718
HABJEB_extracted.cif,886
HABJIF_extracted.cif,1510
HABJOL_extracted.cif,725
HABJUR_extracted.cif,820
HABKAY_extracted.cif,760
HASCIP_extractedm.cif,1900
HAWJEX_extracted.cif,414
HAWMOK_extracted.cif,576
HEPWIL_extracted.cif,892
HEPWOR_extractedm.cif,4192
HEQQID_extracted.cif,516
HEYPOT_extracted.cif,1940
HEYPUZ_extracted.cif,7908
HICBED_extracted.cif,1076
HICBIH01_extracted.cif,1096
HICBIH_extracted.cif,1144
HICBUT_extracted.cif,544
HICCAA_extracted.cif,506
HICCEE_extracted.cif,1072
HICCII_extracted.cif,896
HIDMUF_extracted.cif,1300
HIHMAP_extracted.cif,588
HIHMET_extracted.cif,536
HIPSOQ_extracted.cif,1400
HIPSUW_extracted.cif,1636
HITHID_extracted.cif,308
HITHOJ_extracted.cif,324
HITHUP_extracted.cif,312
HIZFEB_extracted.cif,698
HOBDEI_extracted.cif,320
HOBDIM_extracted.cif,1092
HOHJOF_extracted.cif,942
HOHJUL_extracted.cif,668
HOJBIT_extracted.cif,1888
HOJBOZ_extracted.cif,1156
HOJBUF_extracted.cif,1004
HOJCAM_extracted.cif,1148
HOMLOM_extracted.cif,1920
HOMLUS_extractedm.cif,4060
HOMROR_extracted.cif,1576
HOMRUX_extracted.cif,2672
HOMSAE_extracted.cif,1554
HOMSEI_extracted.cif,10800
HOPXUG_extracted.cif,150
HUBRUS_extracted.cif,322
HUBSAZ_extracted.cif,510
HUBSED_extracted.cif,298
HUHBAN_extracted.cif,208
HUHBER_extracted.cif,334
HUJNIK_extracted.cif,309
HUKGUQ_extracted.cif,588
HUKHAX_extracted.cif,748
HUQVUL_extracted.cif,232
HUXXAA_extracted.cif,316
HUZYOS_extracted.cif,1220
HUZZAF_extractedm.cif,4166
IBUVAD_extracted.cif,204
IBUVEH_extracted.cif,204
ICALAA_extracted.cif,344
ICENOU_extracted.cif,248
ICENUA_extracted.cif,142
ICOVII_extracted.cif,986
ICOVOO_extracted.cif,978
ICOVUU_extracted.cif,1076
IDAHUS_extracted.cif,888
IDUTUY_extracted.cif,500
IDUVAG_extractedm.cif,2382
IDUVOV_extracted.cif,3124
IFAQUD_extracted.cif,3834
IFOMIB_extractedm.cif,9478
IFOMOH_extracted.cif,162
IFOXOQ_extracted.cif,698
IFUTIO_extracted.cif,778
IFUTOU_extracted.cif,1584
IFUTUA_extracted.cif,764
IFUVAI_extracted.cif,628
IFUVEM_extracted.cif,724
IGASER_extracted.cif,714
IGASIV_extracted.cif,714
ILAPOA_extracted.cif,410
IMOVUD_extracted.cif,196
IMOWAK_extracted.cif,218
IMOWEO_extracted.cif,109
IMUGAA_extracted.cif,3592
IMUGEE_extractedm.cif,2220
INERUO_extracted.cif,156
INUNUA_extracted.cif,814
IQANET_extracted.cif,474
IQUFIL_extractedm.cif,6070
IRANAS_extracted.cif,1342
IRIJEA_extracted.cif,95
IRIJIE_extracted.cif,426
ITIFIC_extracted.cif,440
IVEVOV_extracted.cif,1200
IXEBES_extracted.cif,196
IXENAA_extracted.cif,194
IXETIP_extracted.cif,392
IXIROX_extracted.cif,400
IXIRUD_extracted.cif,552
IXIXOE_extracted.cif,2326
IXUQAU_extracted.cif,182
IXUQEY_extracted.cif,192
IXUQIC_extracted.cif,200
IZOKAL_extracted.cif,474
IZOKEP_extracted.cif,226
JAFDUS_extracted.cif,1856
JAFFAA_extracted.cif,1760
JAJWAV_extracted.cif,872
JANFOT_extracted.cif,220
JANYUT01_extracted.cif,304
JANYUT_extracted.cif,1336
JANZAA01_extracted.cif,730
JANZAA_extracted.cif,1018
JANZEE01_extracted.cif,364
JANZEE_extracted.cif,376
JANZII01_extracted.cif,824
JANZII_extracted.cif,1004
JANZOO01_extracted.cif,848
JANZOO_extracted.cif,984
JANZUU_extracted.cif,1018
JAPSUP_extracted.cif,1600
JASZEL_extracted.cif,393
JASZIP_extracted.cif,441
JASZOV_extracted.cif,417
JASZUB_extracted.cif,718
JATBAK_extracted.cif,7184
JEBYUL_extracted.cif,280
JEBZAS_extracted.cif,1428
JEBZAU_extracted.cif,2216
JECZUN_extracted.cif,1140
JEHSAT_extracted.cif,400
JEHSIB_extracted.cif,380
JEHSOH_extracted.cif,328
JEHSUN_extracted.cif,296
JEQJIB_extracted.cif,978
JIBYEB_extracted.cif,1824
JIFTUQ_extracted.cif,4896
JINJOG_extracted.cif,1634
JINJUM_extracted.cif,5200
JOTNAJ_extracted.cif,1508
JOZNAP_extracted.cif,2292
JOZNET_extracted.cif,2212
JOZVUR_extracted.cif,588
JOZWAY_extracted.cif,1906
KAFXAS01_extracted.cif,1464
KAFXAS02_extracted.cif,1560
KAFXAS03_extracted.cif,4544
KAFXAS04_extracted.cif,1440
KAFXAS05_extracted.cif,1464
KAFXAS06_extracted.cif,1464
KAFXAS_extracted.cif,1440
KAVWEM_extracted.cif,1420
KAXNED_extracted.cif,628
KEFPAM_extracted.cif,100
KEHLAL_extracted.cif,2200
KEHLEP_extracted.cif,2184
KEHLIT_extracted.cif,1856
KEMYUY_extracted.cif,634
KEQBEP_extracted.cif,515
KEZQUB_extracted.cif,1424
KEZRIQ_extracted.cif,1428
KEZVEQ_extracted.cif,450
KICROF_extracted.cif,924
KICRUL_extracted.cif,1376
KICSAS_extracted.cif,378
KICSEW_extractedm.cif,2436
KINCES_extracted.cif,316
KINCIW_extracted.cif,232
KINCOC_extracted.cif,396
KOJWUC_extracted.cif,432
KOJXAJ_extracted.cif,1064
KOJXEN_extracted.cif,3232
KOJXIR_extracted.cif,1308
KOJXOX_extracted.cif,1248
KOVZUS_extracted.cif,1006
KOWBAB_extracted.cif,1752
KUJGED_extractedm.cif,2928
KUJGIH_extracted.cif,1820
KULNAH_extracted.cif,1376
LAQMIC_extracted.cif,1454
LARZOU_extracted.cif,358
LARZUA_extracted.cif,1456
LASRUV_extracted.cif,3544
LAVMIG_extracted.cif,788
LAVMOM_extracted.cif,1504
LAXFEX_extracted.cif,1772
LEKPID_extracted.cif,432
LEKPOJ_extracted.cif,720
LEMTON_extracted.cif,1020
LIGMIY_extracted.cif,1072
LIGMUK_extracted.cif,180
LIQQUX_extracted.cif,578
LIWNEM_extracted.cif,1136
LOJKIE_extracted.cif,1014
LOVKAK_extracted.cif,596
LOWJAK_extracted.cif,204
LOXQEW_extracted.cif,1800
LUGDIA_extracted.cif,1316
LUJCAU_extracted.cif,2292
LUNLUB_extracted.cif,150
LUTBEJ_extracted.cif,448
LUWJIW_extracted.cif,1592
LUWJOC_extracted.cif,1580
LUWJUI_extracted.cif,1672
LUWKET_extracted.cif,1444
LUWKIX_extracted.cif,1492
LUXGAN_extracted.cif,431
LUXWAD_extracted.cif,3116
LUXWEH_extracted.cif,3260
LUZJAR_extracted.cif,1617
MAGCEF_extracted.cif,1964
MAQPEA_extracted.cif,1632
MAQPIE_extracted.cif,1762
MAQPOK_extracted.cif,832
MASTUY_extracted.cif,1724
MERCUH_extracted.cif,918
MICKOY_extracted.cif,760
MIJXOT_extracted.cif,1936
MIKHIY_extracted.cif,992
MIQCAQ_extracted.cif,461
MIQCEU_extracted.cif,544
MISMUW_extracted.cif,700
MOKLED_extracted.cif,164
MOQMIO_extracted.cif,554
MOQMOU_extracted.cif,876
MOQMUA_extracted.cif,1156
MORBIG_extracted.cif,126
MUPDUW_extracted.cif,2208
MUZBUG_extracted.cif,494
NABQEO_extracted.cif,804
NACBIF_extracted.cif,964
NACBOL_extracted.cif,2022
NACBUR_extractedm.cif,1640
NACSIT01_extracted.cif,1780
NACSIT_extracted.cif,1768
NAHDEG_extracted.cif,2676
NAPFOB_extracted.cif,276
NAPFUH_extracted.cif,1456
NAPGAO_extracted.cif,578
NAPGES_extracted.cif,2808
NAPGIW_extracted.cif,268
NAPGOC_extracted.cif,314
NAPJIZ_extracted.cif,1760
NAPJOF_extracted.cif,1580
NAPQEC_extracted.cif,352
NATLUQ_extracted.cif,2180
NAVXAL_extracted.cif,420
NEKYUY01_extracted.cif,253
NEKYUY_extracted.cif,253
NEKZAF_extracted.cif,253
NEKZEJ_extracted.cif,253
NEMVEI_extracted.cif,1382
NEPCAN_extracted.cif,1330
NEPCER_extracted.cif,840
NEPCIV_extracted.cif,716
NERDUJ_extracted.cif,148
NERFAR_extracted.cif,296
NERFEV_extracted.cif,296
NERFOF_extracted.cif,154
NERFUL_extracted.cif,348
NERGAS_extracted.cif,392
NEVWAN_extracted.cif,730
NICGUB_extracted.cif,1284
NIGDOY_extracted.cif,448
NIGDUE_extracted.cif,244
NIGFAM_extracted.cif,472
NIHLAS_extracted.cif,348
NIHVOP_extracted.cif,62
NIKPEF_extracted.cif,688
NIKPIJ_extracted.cif,494
NIKPOP_extracted.cif,964
NOFFAQ_extracted.cif,352
NOLTUE_extracted.cif,1088
NOLVAM_extracted.cif,848
NOLVEQ_extracted.cif,1520
NOLVIU_extracted.cif,1540
NOMSAK_extracted.cif,1144
NOSTIY_extracted.cif,728
NUHMOU_extracted.cif,3920
NUHMUA_extracted.cif,1992
NUJBEB_extracted.cif,1996
NUJBIF_extracted.cif,642
NUPJAL_extracted.cif,772
NUQQAT_extracted.cif,2586
NUQQEX_extracted.cif,782
OBIQIZ_extracted.cif,128
OBUGEX_extracted.cif,252
OCIKUG_extracted.cif,104
OCUKED01_extracted.cif,1578
OCUKED_extracted.cif,1602
OCUKIH_extracted.cif,1576
ODUKON_extracted.cif,384
ODUMAC_extracted.cif,3196
ODUMEG_extracted.cif,3228
OGUBAU_extracted.cif,344
OGUHOO_extracted.cif,378
OGUHUU_extracted.cif,290
OGUJAC_extracted.cif,290
OJAVUR_extracted.cif,588
OJECAI_extracted.cif,282
OKIGIZ_extracted.cif,974
OKOLEG_extracted.cif,1602
OMADAH_extracted.cif,732
OMEXAG_extracted.cif,128
OQIPOU_extracted.cif,1428
OQOKEM_extracted.cif,1860
OQOKIQ_extracted.cif,2616
OQOKOW_extractedm.cif,2668
OQOKUC_extractedm.cif,2542
OREPEI_extractedm.cif,2822
OREPIM_extracted.cif,656
OSAHAS_extracted.cif,888
OSOFIM_extracted.cif,1290
OSUBAG_extracted.cif,344
OTEBUL_extracted.cif,620
OVARUA_extracted.cif,1868
OVASAH_extracted.cif,458
OVASEL_extracted.cif,1776
OVASOV_extracted.cif,776
OVOJIT_extracted.cif,3152
OXOJUI04_extracted.cif,1436
OXOJUI05_extracted.cif,1020
OXOKET02_extracted.cif,1064
OYEZAU_extracted.cif,978
OYEZEY_extracted.cif,1940
OYIGAF_extracted.cif,1918
OYIGEJ_extracted.cif,1784
PACXAU_extracted.cif,444
PAHVEC_extracted.cif,1780
PALMAR_extracted.cif,1964
PAPHEU_extracted.cif,1412
PAPHIY_extracted.cif,1156
PECQIA_extracted.cif,1404
PEPKEB_extracted.cif,589
PEPKIF_extractedm.cif,8520
PEQMEF_extracted.cif,196
PEQROU_extracted.cif,624
PESNEI_extracted.cif,632
PEWSIV_extracted.cif,1700
PEWSOB_extracted.cif,1918
PIDHUI_extractedm.cif,6520
PIHVUZ_extracted.cif,960
PIJMED_extractedm.cif,1122
PIKDEV_extracted.cif,244
PIKDIZ_extracted.cif,740
PIKDOF_extracted.cif,446
PIWDOQ_extracted.cif,1000
PIWDUW_extracted.cif,526
POSDAE_extracted.cif,398
POSDEI_extracted.cif,2520
POSDIM_extracted.cif,334
POSDOS_extracted.cif,432
POZFUF_extracted.cif,580
POZGAM_extracted.cif,356
POZGEQ_extracted.cif,304
POZJOE_extracted.cif,1596
PUSWIK_extracted.cif,116
PUXHIB_extracted.cif,492
QAGPIA_extracted.cif,1978
QAGPOG_extracted.cif,1300
QAGPUM_extracted.cif,580
QANCEN_extracted.cif,1104
QAVBOF_extracted.cif,1224
QAXWOB_extracted.cif,580
QELWUC_extracted.cif,2072
QELXAJ_extracted.cif,1220
QELXEN_extracted.cif,1086
QELXIR_extracted.cif,1116
QELXOX_extracted.cif,2104
QEMHUL_extracted.cif,457
QEZYOM_extracted.cif,504
QEZYUS_extracted.cif,768
QEZZAZ_extracted.cif,444
QIFHIW_extracted.cif,316
QIRPAI_extracted.cif,430
QIYGUB_extracted.cif,224
QODBAM_extracted.cif,200
QOPFOS_extracted.cif,1756
QOTFEL_extracted.cif,732
QOTFIP_extracted.cif,1706
QOTFOV_extracted.cif,2292
QOZPIE_extracted.cif,800
QOZTAC01_extractedm.cif,4338
QOZTAC_extractedm.cif,4338
QOZTEG01_extractedm.cif,2272
QOZTEG_extractedm.cif,2272
QUBDUO_extracted.cif,1412
QUFZEY_extracted.cif,932
QUFZIC_extracted.cif,946
QUFZOI_extracted.cif,964
QUHSES_extracted.cif,1440
QUHSIW_extracted.cif,1224
QUMGAG_extracted.cif,634
QURBIO_extracted.cif,720
QURCEN_extracted.cif,720
QURCIR_extracted.cif,936
QURCOX_extracted.cif,936
RADTOH_extracted.cif,880
RADTUN_extracted.cif,882
RAKPOI_extracted.cif,1680
RAKTAY_extracted.cif,372
RANCEO_extracted.cif,1296
RAPWOX_extracted.cif,1360
RAPWUD_extracted.cif,1508
RAPXAK_extracted.cif,952
RAPXEO_extracted.cif,2808
RAPXIS_extracted.cif,2852
RATCAS_extracted.cif,1968
RATXAM_extracted.cif,944
RATXIU_extracted.cif,800
RAYCOM_extracted.cif,472
REFDAK_extracted.cif,1020
REHRUU_extracted.cif,1812
REJBUF_extracted.cif,516
REJXEK_extracted.cif,148
RENGID_extracted.cif,6872
RIDPUR_extracted.cif,316
RIDWAE_extracted.cif,504
RIFNUS_extracted.cif,998
RIFTAD_extracted.cif,1402
RINJED_extracted.cif,328
ROBVUB_extracted.cif,2340
ROHPOV_extracted.cif,512
ROTDEL_extracted.cif,1244
RUPMEV_extracted.cif,5904
RUSYUB_extracted.cif,532
RUVJIC_extracted.cif,1000
RUWMED_extracted.cif,1128
RUWMIH_extracted.cif,2084
RUWMON_extracted.cif,2874
RUWMUT_extracted.cif,1876
SAKTUU_extracted.cif,498
SAPWIR_extracted.cif,614
SATWOA_extracted.cif,576
SATWUG_extracted.cif,1344
SATXAN_extracted.cif,536
SATXER_extracted.cif,752
SAXNIR_extracted.cif,3088
SAYGIL_extracted.cif,2480
SAYGOR_extracted.cif,2696
SAYGUX_extracted.cif,1244
SAYHAE_extracted.cif,1632
SAYHIM_extracted.cif,3270
SAYHOS_extracted.cif,5512
SEJTOQ_extracted.cif,112
SELPOR_extracted.cif,146
SEQNAE_extracted.cif,958
SERBAT_extracted.cif,3996
SERBIB_extracted.cif,924
SERBOH_extracted.cif,2860
SERDUQ_extracted.cif,220
SERFAY_extracted.cif,174
SERFEC_extracted.cif,1232
SERHAA_extracted.cif,4668
SERWAQ_extracted.cif,374
SERWEU_extracted.cif,386
SERWIY_extracted.cif,668
SERWOE_extracted.cif,462
SERWUK_extractedm.cif,1734
SEYGUB_extracted.cif,162
SEYHAI_extracted.cif,206
SEZFAG_extracted.cif,3816
SEZFEK_extracted.cif,880
SEZFIO_extractedm.cif,3072
SEZFOU_extracted.cif,498
SICHUK_extractedm.cif,12720
SICJAS_extractedm.cif,2540
SIHJID_extracted.cif,636
SIHWAJ_extracted.cif,3304
SIHWEN_extracted.cif,1322
SIKDUM_extracted.cif,172
SIWLOB_extracted.cif,1218
SIWLUH_extracted.cif,996
SIZJAO01_extracted.cif,546
SIZJAO02_extracted.cif,584
SIZJAO03_extractedm.cif,2176
SIZJAO04_extracted.cif,548
SIZJAO_extracted.cif,1088
SIZKET01_extracted.cif,1836
SIZKET_extracted.cif,702
SIZQEY_extracted.cif,1270
SODBIX_extracted.cif,612
SODBOD_extracted.cif,644
SODQAE_extracted.cif,572
SODQEI_extracted.cif,536
SODQIM_extracted.cif,568
SODQOS_extracted.cif,588
SODQUY_extracted.cif,508
SODTIQ_extracted.cif,2276
SOJMOV_extracted.cif,1678
SUJKEO_extracted.cif,1356
SUNQUO_extracted.cif,142
SUPGOA_extracted.cif,226
SUPHOB_extracted.cif,664
SUPPID_extracted.cif,936
SUPPOJ_extracted.cif,1386
SUPPUO01_extracted.cif,1132
SUPPUO_extracted.cif,1132
SUPPUP_extracted.cif,408
SUQGOC_extracted.cif,1032
SUQGUI_extracted.cif,2180
SUTCER_extracted.cif,1038
SUWFUN_extracted.cif,3048
SUWGAU_extractedm.cif,2122
SUWGEY_extracted.cif,2460
SUWGIC_extracted.cif,9396
SUWGOI_extracted.cif,220
SUWGUO_extracted.cif,500
SUWHAV_extracted.cif,1332
SUWHEZ_extracted.cif,492
SUXMUU_extracted.cif,232
SUYLUT_extracted.cif,660
TADXON_extracted.cif,580
TANPUU_extracted.cif,386
TAQDEW_extracted.cif,808
TASGAY_extracted.cif,1646
TASGEC_extracted.cif,3300
TAXDOM_extracted.cif,1162
TAXFEE01_extracted.cif,400
TAXFEE02_extracted.cif,400
TAXFEE_extracted.cif,400
TAXXEY_extracted.cif,1256
TEBKOA_extracted.cif,260
TEFKOG01_extracted.cif,252
TEFKOG02_extracted.cif,252
TEFKOG03_extracted.cif,254
TEFKOG_extracted.cif,252
TEFXIN_extracted.cif,3016
TEKBES_extracted.cif,636
TEPTIU_extracted.cif,904
TEPTOA_extracted.cif,788
TEYNET_extracted.cif,6084
TIBXEJ_extracted.cif,736
TIGDUK_extracted.cif,1960
TISRUK_extracted.cif,718
TISSAR_extracted.cif,762
TISSEV_extracted.cif,640
TISSIZ_extracted.cif,760
TISSOF_extracted.cif,700
TISSUL_extracted.cif,640
TISTAS_extracted.cif,974
TISTEW_extracted.cif,876
TISTIA_extracted.cif,734
TIWHIS_extracted.cif,1070
TIWHOY_extracted.cif,1772
TIWXUS01_extracted.cif,310
TIWXUS_extracted.cif,464
TIXFIP_extracted.cif,468
TOBDIZ_extracted.cif,606
TOBDOF_extracted.cif,1660
TOBDUL_extracted.cif,600
TOBFAT_extracted.cif,698
TOBFOH_extracted.cif,1726
TOBFUN_extracted.cif,1730
TOCWIT_extracted.cif,870
TODGOK_extracted.cif,1232
TODGUQ_extracted.cif,2168
TODHAX_extracted.cif,1234
TODHEB_extracted.cif,1612
TODHIF_extracted.cif,814
TUCREQ_extracted.cif,1096
TUCROA_extracted.cif,459
TUCSAN_extracted.cif,446
TUDNAI_extracted.cif,860
TUDZAV_extracted.cif,1056
TUTNIG_extracted.cif,172
TUTNOM_extracted.cif,320
TUWWUE_extracted.cif,718
TUWXAL_extracted.cif,488
TUWXEP_extracted.cif,1826
TUWXIT_extracted.cif,1548
TUWXOZ_extractedm.cif,718
TUZHEC_extracted.cif,816
TUZJAA_extracted.cif,384
UAQGEA_extractedm.cif,4388
UBICUF_extracted.cif,396
UBIDAM_extracted.cif,1092
UDUGEG_extracted.cif,494
UDUGIK_extracted.cif,534
UDUJEJ_extracted.cif,504
UDUJIN_extracted.cif,532
UDUJOT_extracted.cif,552
UJUXII_extracted.cif,3288
UJUXOO_extracted.cif,1612
UJUXUU_extracted.cif,3512
UKAGUI_extracted.cif,772
UKOLUB_extracted.cif,128
UKOMAI_extracted.cif,610
ULEGEZ_extracted.cif,1258
ULEGID_extracted.cif,1060
ULEGOJ_extracted.cif,1188
ULEGUP_extracted.cif,1012
ULODUW_extracted.cif,843
UNAQEG_extracted.cif,1168
UNAQIK_extracted.cif,1424
UPALEE_extracted.cif,4080
UPUZOW_extracted.cif,1232
UPUZUC_extracted.cif,2748
UQABAR_extracted.cif,2636
UQABEV_extracted.cif,2380
UQABIZ_extracted.cif,2588
UQABOF_extracted.cif,2364
UQAFID_extracted.cif,782
UQAFOJ_extractedm.cif,4228
UQAFUP_extractedm.cif,4684
UQAGAW_extractedm.cif,4008
UQILEN_extracted.cif,1248
UQOYEG_extracted.cif,360
UQOYIK_extracted.cif,720
UQOYOQ_extracted.cif,540
UQOYUW_extracted.cif,536
UQOZAD_extracted.cif,534
UQUCEQ_extracted.cif,364
UVUYER_extractedm.cif,1610
UVUYIV_extracted.cif,3676
UVUYOB_extractedm.cif,3092
UVUYUH_extracted.cif,1572
UWUVUE_extracted.cif,1304
UXOPED_extracted.cif,1944
UXOPIH_extracted.cif,1606
UZIREB_extracted.cif,836
UZOSOS_extracted.cif,3292
VACSIE_extracted.cif,928
VACSOK_extracted.cif,811
VATXUL_extracted.cif,210
VATYAS_extracted.cif,212
VATYEW_extracted.cif,208
VATYIA_extracted.cif,202
VELSAJ_extracted.cif,1168
VELSEN_extracted.cif,1478
VEVSEW_extractedm.cif,1976
VEZREZ_extracted.cif,3944
VEZVEC_extracted.cif,1972
VIPFAD_extracted.cif,384
VIPFIL_extracted.cif,300
VIPFOR_extracted.cif,300
VIPFUX_extracted.cif,378
VIPGAE_extracted.cif,378
VIQHEI_extracted.cif,832
VIQHIM_extracted.cif,980
VIWWAB_extracted.cif,2094
VOGXOG_extracted.cif,292
VOGXUM_extracted.cif,2808
VOGYAT_extracted.cif,1940
VUGQUK_extracted.cif,2628
VULZOS_extracted.cif,994
VULZUY_extracted.cif,219
VUMMAT_extracted.cif,660
VUNHES_extracted.cif,428
VUVKEE_extracted.cif,1038
VUVKII_extracted.cif,1028
VUVKOO_extracted.cif,1038
WAFTEC_extracted.cif,364
WAFTEC_extracted_loaded.cif,364
WAJNEB_extracted.cif,1776
WAJNIF_extracted.cif,1704
WAJNOL_extracted.cif,820
WAMPUX_extracted.cif,1696
WAQNIN_extracted.cif,404
WAQQUA_extracted.cif,1744
WASQAJ_extracted.cif,1588
WAWPAN_extracted.cif,2298
WAYDEI_extractedm.cif,1548
WAYDIM_extracted.cif,1207
WAYDOS_extracted.cif,6504
WAZYII_extracted.cif,791
WEGCOA_extracted.cif,426
WELHUQ_extracted.cif,608
WEVGIQ_extracted.cif,3096
WEZJOB_extracted.cif,616
WEZJUH_extracted.cif,616
WEZKAO_extracted.cif,994
WEZKES_extracted.cif,908
WIBXAH_extracted.cif,334
WIBXEL_extracted.cif,382
WIGDUO_extracted.cif,958
WITKAL_extracted.cif,420
WITKEP_extracted.cif,458
WITKIT_extracted.cif,492
WIYNOH_extracted.cif,1968
WOFCOL_extracted.cif,378
WOFDIG_extracted.cif,870
WOQSIG_extracted.cif,1416
WUFMIT_extracted.cif,144
WUFXIG_extracted.cif,580
WUFYAZ_extracted.cif,298
WUHXIH_extracted.cif,970
WULQIE01_extracted.cif,540
WULQIE_extracted.cif,714
WULQUQ01_extracted.cif,1172
WULQUQ_extracted.cif,1384
WUQNIG_extracted.cif,1806
WUQROQ_extractedm.cif,1948
WUVQIN_extracted.cif,568
XAFXUY_extracted.cif,528
XAFYAF_extracted.cif,512
XAFYEJ_extracted.cif,232
XAFYIN_extracted.cif,164
XAFYOT_extracted.cif,200
XAFYUZ_extracted.cif,508
XAFZAG_extracted.cif,240
XAJCES_extracted.cif,2016
XAJCIW_extracted.cif,456
XAJCOC_extracted.cif,576
XAJCUI_extracted.cif,6336
XAJDAP_extracted.cif,932
XAJDET_extracted.cif,848
XAJDIX_extracted.cif,336
XAJDOD_extracted.cif,432
XAMYAM_extracted.cif,3088
XAVGUY_extracted.cif,2496
XAVNAM01_extracted.cif,420
XAVNAM_extracted.cif,420
XAVNIU01_extracted.cif,1460
XAVNIU02_extracted.cif,1474
XAVNIU_extracted.cif,1460
XEGZUG_extracted.cif,810
XEHBAP_extracted.cif,2546
XEHBET_extracted.cif,2506
XEHBIX_extracted.cif,3528
XEHBOD_extracted.cif,1816
XEQPUG_extracted.cif,408
XEQQAN_extracted.cif,560
XEVREX_extracted.cif,1076
XEVTOJ_extracted.cif,1824
XEXGUE_extracted.cif,1440
XEXHAL_extracted.cif,1514
XEXHEP_extracted.cif,1960
XEXHIT_extracted.cif,1788
XEXHOZ_extracted.cif,2008
XEXHUF_extracted.cif,1832
XEXJAN_extracted.cif,6884
XEXJER_extracted.cif,576
XEXJIV_extracted.cif,576
XEXLOC_extracted.cif,656
XEXLUI_extracted.cif,520
XEXZUV_extracted.cif,914
XEYBEI01_extracted.cif,762
XEYBEI02_extracted.cif,1264
XEYBEI_extracted.cif,1216
XEZBAF_extracted.cif,1416
XEZBEJ_extracted.cif,1128
XIDCAR_extracted.cif,528
XILMUC_extracted.cif,708
XIWNEW_extracted.cif,182
XIZKOG_extracted.cif,1618
XIZKUM_extracted.cif,1676
XODFAZ_extracted.cif,764
XOWCIV_extracted.cif,794
XOWCOB_extracted.cif,516
XUJVAA_extracted.cif,544
XUJVII_extracted.cif,344
XUPPII_extracted.cif,476
XUPPOO_extracted.cif,1172
XUQJEA_extracted.cif,286
XUQJIE_extracted.cif,290
XUQJOK_extracted.cif,592
XUQJUQ_extracted.cif,720
XUQKAX_extracted.cif,1288
XUQKEB_extracted.cif,2016
XUQKIF_extracted.cif,600
XUQKOL_extracted.cif,564
XUQLAY_extracted.cif,1672
XUQLEC_extracted.cif,912
XUQLIG_extracted.cif,908
XUQLOM_extracted.cif,1896
XUXJUX_extracted.cif,309
XUXKAE_extracted.cif,343
XUXKEI_extracted.cif,2112
XUXKIM_extracted.cif,1900
XUXKOS_extracted.cif,1872
YAHWIQ_extracted.cif,652
YAJLIH_extracted.cif,856
YALVUE_extracted.cif,1188
YANNUX_extracted.cif,1704
YAQHIK_extractedm.cif,2802
YAQHUW_extractedm.cif,4552
YAWHOQ_extractedm.cif,2082
YAWQOC_extracted.cif,104
YAWQUI_extracted.cif,164
YAZMIX_extracted.cif,288
YAZMOD_extracted.cif,284
YAZMUJ_extracted.cif,1530
YEGNEE_extracted.cif,1160
YEGPEG_extracted.cif,787
YEGPIK_extracted.cif,1138
YEVBIN_extracted.cif,408
YEVBOT_extracted.cif,396
YEZQUQ_extracted.cif,706
YEZREB_extracted.cif,940
YIHGEC_extracted.cif,1246
YIJBOJ_extracted.cif,928
YIJBUP_extracted.cif,526
YIJCAW_extracted.cif,476
YINZOL_extracted.cif,2136
YIYTUX_extracted.cif,833
YIYVAF_extracted.cif,316
YIYVEJ_extracted.cif,780
YOTMOL_extracted.cif,99
YOTMUR_extracted.cif,220
YOTNAY_extracted.cif,200
YOVDIY_extracted.cif,112
YUDGEL_extracted.cif,996
YUDGIP_extracted.cif,1158
YUDGOV_extracted.cif,1146
YUJLEW_extracted.cif,268
YUNMIF_extracted.cif,2024
YUTQAG_extracted.cif,552
ZAGCIT_extracted.cif,376
ZAKREL_extracted.cif,2544
ZAKRUB_extracted.cif,858
ZARJOT_extracted.cif,926
ZARJUZ_extracted.cif,850
ZAWVOL_extracted.cif,2564
ZAYDAH_extractedm.cif,2122
ZAYDEL_extracted.cif,722
ZAYPAT_extracted.cif,360
ZAZWEC_extracted.cif,288
ZECHIB_extracted.cif,520
ZECPOP_extracted.cif,500
ZEKRAL_extracted.cif,2348
ZEXSAY_extracted.cif,1032
ZEXSEC_extracted.cif,950
ZEZREE_extracted.cif,416
ZIWMAV_extracted.cif,1014
ZOQHOE_extracted.cif,1008
ZOXLUV_extracted.cif,594
ZOXMAC_extracted.cif,966
ZOXVAL_extracted.cif,942
ZUFCAG_extracted.cif,494
ZUFJAN_extracted.cif,1262
ZULHOF_extracted.cif,2420
ZULHUL_extracted.cif,3004
ZULJAT_extracted.cif,2484
ZULJEX_extracted.cif,1098
