Entry,Index,NAME
viz_select_final|ABIKUU|0,1,ABIKUU
viz_select_final|ABILAB|1,2,ABILAB
viz_select_final|ABILEF|2,3,ABILEF
viz_select_final|ABILIJ|3,4,ABILIJ
viz_select_final|ABILOP|4,5,ABILOP
viz_select_final|ABILUV|5,6,ABILUV
viz_select_final|ABIMAC|6,7,ABIMAC
viz_select_final|ABIMEG|7,8,ABIMEG
viz_select_final|ABIMIK|8,9,ABIMIK
viz_select_final|ABIMUW|9,10,ABIMUW
viz_select_final|ABINAD|10,11,ABINAD
viz_select_final|ABINIL|11,12,ABINIL
viz_select_final|ABINUX|12,13,ABINUX
viz_select_final|ABIPAF|13,14,ABIPAF
viz_select_final|ABIPEJ|14,15,ABIPEJ
viz_select_final|ABIQEK|15,16,ABIQEK
viz_select_final|ABIQIO|16,17,ABIQIO
viz_select_final|AJOHUD|17,18,AJOHUD
viz_select_final|AJOJAL|18,19,AJOJAL
viz_select_final|BEQWID|19,20,BEQWID
viz_select_final|CACBEO|20,21,CACBEO
viz_select_final|CAHTEM|21,22,CAHTEM
viz_select_final|CAHTEM01|22,23,CAHTEM01
viz_select_final|CAHTEM02|23,24,CAHTEM02
viz_select_final|CAHTEM03|24,25,CAHTEM03
viz_select_final|CAHTEM04|25,26,CAHTEM04
viz_select_final|CAHVAK|26,27,CAHVAK
viz_select_final|CAHVAK01|27,28,CAHVAK01
viz_select_final|CAHVAK02|28,29,CAHVAK02
viz_select_final|CAHVAK03|29,30,CAHVAK03
viz_select_final|CAHVAK04|30,31,CAHVAK04
viz_select_final|CANHOR|31,32,CANHOR
viz_select_final|CAXFIT|32,33,CAXFIT
viz_select_final|CAXFOZ|33,34,CAXFOZ
viz_select_final|CAXROJ01|34,35,CAXROJ01
viz_select_final|CETPUP|35,36,CETPUP
viz_select_final|CUBZUV|36,37,CUBZUV
viz_select_final|DANYAV|37,38,DANYAV
viz_select_final|DANYEZ|38,39,DANYEZ
viz_select_final|DANYID|39,40,DANYID
viz_select_final|DEDTOY|40,41,DEDTOY
viz_select_final|DEDTUE|41,42,DEDTUE
viz_select_final|DEDVAM|42,43,DEDVAM
viz_select_final|DEDVEQ|43,44,DEDVEQ
viz_select_final|DENNAO|44,45,DENNAO
viz_select_final|DOPJID|45,46,DOPJID
viz_select_final|EKUKUR|46,47,EKUKUR
viz_select_final|ELAKUY|47,48,ELAKUY
viz_select_final|ELALAF|48,49,ELALAF
viz_select_final|EPIRUR|49,50,EPIRUR
viz_select_final|EQEMEU|50,51,EQEMEU
viz_select_final|EQEXIJ|51,52,EQEXIJ
viz_select_final|EQEXOP|52,53,EQEXOP
viz_select_final|EQEXUV|53,54,EQEXUV
viz_select_final|EVITUA|54,55,EVITUA
viz_select_final|EVIVAI|55,56,EVIVAI
viz_select_final|EVIVEM|56,57,EVIVEM
viz_select_final|EXESAC|57,58,EXESAC
viz_select_final|FACWIP01|58,59,FACWIP01
viz_select_final|FACWIP02|59,60,FACWIP02
viz_select_final|FAXXIM|60,61,FAXXIM
viz_select_final|FEBQEK|61,62,FEBQEK
viz_select_final|FEQXAC|62,63,FEQXAC
viz_select_final|FIFTAR|63,64,FIFTAR
viz_select_final|FIFTEV|64,65,FIFTEV
viz_select_final|FIFTIZ|65,66,FIFTIZ
viz_select_final|FIFTOF|66,67,FIFTOF
viz_select_final|FOMLUQ|67,68,FOMLUQ
viz_select_final|FOPHAU|68,69,FOPHAU
viz_select_final|FOQTEM|69,70,FOQTEM
viz_select_final|FOQTIQ|70,71,FOQTIQ
viz_select_final|FOQTOW|71,72,FOQTOW
viz_select_final|FOQTUC|72,73,FOQTUC
viz_select_final|FORFEZ|73,74,FORFEZ
viz_select_final|FOXLAG|74,75,FOXLAG
viz_select_final|GABKUP|75,76,GABKUP
viz_select_final|GANCUV|76,77,GANCUV
viz_select_final|GANDAC|77,78,GANDAC
viz_select_final|GANDEG|78,79,GANDEG
viz_select_final|GANDOQ|79,80,GANDOQ
viz_select_final|GANDUW|80,81,GANDUW
viz_select_final|GASHEQ|81,82,GASHEQ
viz_select_final|GEGZIE|82,83,GEGZIE
viz_select_final|GEGZOK|83,84,GEGZOK
viz_select_final|GEXBIX|84,85,GEXBIX
viz_select_final|GEXJIC|85,86,GEXJIC
viz_select_final|GICGUX|86,87,GICGUX
viz_select_final|GIPWUA|87,88,GIPWUA
viz_select_final|GIPXAH|88,89,GIPXAH
viz_select_final|GIPXEL|89,90,GIPXEL
viz_select_final|GIPXIP|90,91,GIPXIP
viz_select_final|GUHMEB|91,92,GUHMEB
viz_select_final|GUHMEB02|92,93,GUHMEB02
viz_select_final|GUMCIB|93,94,GUMCIB
viz_select_final|HAJNEM|94,95,HAJNEM
viz_select_final|HAJNIQ|95,96,HAJNIQ
viz_select_final|HEHYOL|96,97,HEHYOL
viz_select_final|HEHYUR|97,98,HEHYUR
viz_select_final|HEVQOQ|98,99,HEVQOQ
viz_select_final|HEVQUW|99,100,HEVQUW
viz_select_final|HEVRAD|100,101,HEVRAD
viz_select_final|HEVRAD01|101,102,HEVRAD01
viz_select_final|HEWKEC|102,103,HEWKEC
viz_select_final|IFAJOR|103,104,IFAJOR
viz_select_final|IFAJUX|104,105,IFAJUX
viz_select_final|IFAKAE|105,106,IFAKAE
viz_select_final|IFAKEI|106,107,IFAKEI
viz_select_final|IFAKIM|107,108,IFAKIM
viz_select_final|IFAVOC|108,109,IFAVOC
viz_select_final|IFOLUM|109,110,IFOLUM
viz_select_final|IYEMAC|110,111,IYEMAC
viz_select_final|IYEMEG|111,112,IYEMEG
viz_select_final|IYEMIK|112,113,IYEMIK
viz_select_final|IZUYOR|113,114,IZUYOR
viz_select_final|JAGFUS|114,115,JAGFUS
viz_select_final|JEZHOL|115,116,JEZHOL
viz_select_final|JIHJEP|116,117,JIHJEP
viz_select_final|JIVVUI|117,118,JIVVUI
viz_select_final|JIVWAP|118,119,JIVWAP
viz_select_final|JODMOE|119,120,JODMOE
viz_select_final|JORVIV|120,121,JORVIV
viz_select_final|JORVOB|121,122,JORVOB
viz_select_final|KATJAS|122,123,KATJAS
viz_select_final|KATJEW|123,124,KATJEW
viz_select_final|KATXAE10|124,125,KATXAE10
viz_select_final|KENRED|125,126,KENRED
viz_select_final|KOJMUR|126,127,KOJMUR
viz_select_final|KOMXAL|127,128,KOMXAL
viz_select_final|KUGKIG|128,129,KUGKIG
viz_select_final|KUJGAX|129,130,KUJGAX
viz_select_final|KUWZEI|130,131,KUWZEI
viz_select_final|KUWZIM|131,132,KUWZIM
viz_select_final|LAXWEP|132,133,LAXWEP
viz_select_final|LAXWIT|133,134,LAXWIT
viz_select_final|LEBBIF|134,135,LEBBIF
viz_select_final|LEBBOL|135,136,LEBBOL
viz_select_final|LEBBUR|136,137,LEBBUR
viz_select_final|LEJNUL|137,138,LEJNUL
viz_select_final|LEJPAT|138,139,LEJPAT
viz_select_final|LEJPAT01|139,140,LEJPAT01
viz_select_final|LEJPIB|140,141,LEJPIB
viz_select_final|LIKDIV|141,142,LIKDIV
viz_select_final|LIKDOB|142,143,LIKDOB
viz_select_final|LIKDUH|143,144,LIKDUH
viz_select_final|LISTOX|144,145,LISTOX
viz_select_final|LITJAZ|145,146,LITJAZ
viz_select_final|LITJED|146,147,LITJED
viz_select_final|LODFEQ|147,148,LODFEQ
viz_select_final|LOJMIH|148,149,LOJMIH
viz_select_final|LOPKIM|149,150,LOPKIM
viz_select_final|MAGJUC|150,151,MAGJUC
viz_select_final|MALGUD|151,152,MALGUD
viz_select_final|MALHAK|152,153,MALHAK
viz_select_final|MALHEO|153,154,MALHEO
viz_select_final|MAVVAI|154,155,MAVVAI
viz_select_final|MESKIE|155,156,MESKIE
viz_select_final|MESTUA|156,157,MESTUA
viz_select_final|MOTWUP01|157,158,MOTWUP01
viz_select_final|MOTZOM|158,159,MOTZOM
viz_select_final|MOVBAC|159,160,MOVBAC
viz_select_final|MOVBUW|160,161,MOVBUW
viz_select_final|MOVCEH|161,162,MOVCEH
viz_select_final|NERYOB|162,163,NERYOB
viz_select_final|NIMMII|163,164,NIMMII
viz_select_final|NODVIN|164,165,NODVIN
viz_select_final|NODVOT|165,166,NODVOT
viz_select_final|NODWEK|166,167,NODWEK
viz_select_final|NOLSEO|167,168,NOLSEO
viz_select_final|NOLSIS|168,169,NOLSIS
viz_select_final|NOLSOY|169,170,NOLSOY
viz_select_final|NOLSUE|170,171,NOLSUE
viz_select_final|NOVNAP|171,172,NOVNAP
viz_select_final|NOWBUY|172,173,NOWBUY
viz_select_final|NOWCAF|173,174,NOWCAF
viz_select_final|NOWCEJ|174,175,NOWCEJ
viz_select_final|NUGZIA|175,176,NUGZIA
viz_select_final|NUGZOG|176,177,NUGZOG
viz_select_final|NUXHIZ|177,178,NUXHIZ
viz_select_final|OFOQAE|178,179,OFOQAE
viz_select_final|OFOQEI|179,180,OFOQEI
viz_select_final|OFOQIM|180,181,OFOQIM
viz_select_final|OFOQOS|181,182,OFOQOS
viz_select_final|OJITIL|182,183,OJITIL
viz_select_final|OJITOR|183,184,OJITOR
viz_select_final|OJIVAF|184,185,OJIVAF
viz_select_final|OJIVEJ|185,186,OJIVEJ
viz_select_final|OJIVIN|186,187,OJIVIN
viz_select_final|OJIVOT|187,188,OJIVOT
viz_select_final|OJIVUZ|188,189,OJIVUZ
viz_select_final|ORAVOU|189,190,ORAVOU
viz_select_final|OSOBUU|190,191,OSOBUU
viz_select_final|OSOBUU01|191,192,OSOBUU01
viz_select_final|OVENEK|192,193,OVENEK
viz_select_final|OVENIO|193,194,OVENIO
viz_select_final|OVENOU|194,195,OVENOU
viz_select_final|OYAWUI|195,196,OYAWUI
viz_select_final|OZEBUR|196,197,OZEBUR
viz_select_final|OZECAY|197,198,OZECAY
viz_select_final|OZECAY01|198,199,OZECAY01
viz_select_final|OZECAY02|199,200,OZECAY02
viz_select_final|OZECAY03|200,201,OZECAY03
viz_select_final|OZECAY04|201,202,OZECAY04
viz_select_final|OZECIG|202,203,OZECIG
viz_select_final|PACZUP|203,204,PACZUP
viz_select_final|PADBEC|204,205,PADBEC
viz_select_final|PALWAA|205,206,PALWAA
viz_select_final|PELSAD|206,207,PELSAD
viz_select_final|PELSEH|207,208,PELSEH
viz_select_final|PELSIL|208,209,PELSIL
viz_select_final|PELSOR|209,210,PELSOR
viz_select_final|PEPSOS|210,211,PEPSOS
viz_select_final|PIFHIY|211,212,PIFHIY
viz_select_final|PIFHUK|212,213,PIFHUK
viz_select_final|PIFJAS|213,214,PIFJAS
viz_select_final|PIFJOG|214,215,PIFJOG
viz_select_final|PIFJUM|215,216,PIFJUM
viz_select_final|PIFKAT|216,217,PIFKAT
viz_select_final|PIFKEX|217,218,PIFKEX
viz_select_final|PIFKIB|218,219,PIFKIB
viz_select_final|PIFKOH|219,220,PIFKOH
viz_select_final|PIFKUN|220,221,PIFKUN
viz_select_final|PIFTOQ|221,222,PIFTOQ
viz_select_final|PIFTUW|222,223,PIFTUW
viz_select_final|PIFVAE|223,224,PIFVAE
viz_select_final|PIFVIM|224,225,PIFVIM
viz_select_final|PIFVOS|225,226,PIFVOS
viz_select_final|PIFVUY|226,227,PIFVUY
viz_select_final|PIFWAF|227,228,PIFWAF
viz_select_final|POZZAG|228,229,POZZAG
viz_select_final|POZZEK|229,230,POZZEK
viz_select_final|PUBYAM|230,231,PUBYAM
viz_select_final|PUBYIU|231,232,PUBYIU
viz_select_final|PUBYOA|232,233,PUBYOA
viz_select_final|PUDWOB|233,234,PUDWOB
viz_select_final|PUDWOB01|234,235,PUDWOB01
viz_select_final|PUDWUH|235,236,PUDWUH
viz_select_final|PUDWUH02|236,237,PUDWUH02
viz_select_final|PUDXAO|237,238,PUDXAO
viz_select_final|PUDXES|238,239,PUDXES
viz_select_final|PUDXES01|239,240,PUDXES01
viz_select_final|PUDXES02|240,241,PUDXES02
viz_select_final|PUDXES03|241,242,PUDXES03
viz_select_final|PUDXES04|242,243,PUDXES04
viz_select_final|PUTREC|243,244,PUTREC
viz_select_final|PUXGUK|244,245,PUXGUK
viz_select_final|PUZKOL|245,246,PUZKOL
viz_select_final|PUZLAY|246,247,PUZLAY
viz_select_final|PYEXDA|247,248,PYEXDA
viz_select_final|QACPOB|248,249,QACPOB
viz_select_final|QACQES|249,250,QACQES
viz_select_final|QACQIW|250,251,QACQIW
viz_select_final|QACQOC|251,252,QACQOC
viz_select_final|QACRAP|252,253,QACRAP
viz_select_final|QADFAE|253,254,QADFAE
viz_select_final|QAFWUS|254,255,QAFWUS
viz_select_final|QAGJUG01|255,256,QAGJUG01
viz_select_final|QIXPES|256,257,QIXPES
viz_select_final|QIXPIW|257,258,QIXPIW
viz_select_final|QORVEA|258,259,QORVEA
viz_select_final|QORVIE|259,260,QORVIE
viz_select_final|QORVOK|260,261,QORVOK
viz_select_final|QORVUQ|261,262,QORVUQ
viz_select_final|QORWAX|262,263,QORWAX
viz_select_final|QORWEB|263,264,QORWEB
viz_select_final|QORWIF|264,265,QORWIF
viz_select_final|QORWOL|265,266,QORWOL
viz_select_final|QORWUR|266,267,QORWUR
viz_select_final|QORXAY|267,268,QORXAY
viz_select_final|QOVJOB|268,269,QOVJOB
viz_select_final|QUFYIB|269,270,QUFYIB
viz_select_final|QUFYOH|270,271,QUFYOH
viz_select_final|REFVON|271,272,REFVON
viz_select_final|REFVUT|272,273,REFVUT
viz_select_final|REFVUT01|273,274,REFVUT01
viz_select_final|REFWAA|274,275,REFWAA
viz_select_final|RENZES|275,276,RENZES
viz_select_final|REQXES|276,277,REQXES
viz_select_final|REYMAL|277,278,REYMAL
viz_select_final|RURZUB|278,279,RURZUB
viz_select_final|SAQYAM|279,280,SAQYAM
viz_select_final|SARNUW|280,281,SARNUW
viz_select_final|SARPAE|281,282,SARPAE
viz_select_final|SATJAA|282,283,SATJAA
viz_select_final|SATJEE|283,284,SATJEE
viz_select_final|SAVYAS|284,285,SAVYAS
viz_select_final|SEHCOX|285,286,SEHCOX
viz_select_final|SENNOR|286,287,SENNOR
viz_select_final|SENNUX|287,288,SENNUX
viz_select_final|SENPAF|288,289,SENPAF
viz_select_final|SENPIN|289,290,SENPIN
viz_select_final|SENPOT|290,291,SENPOT
viz_select_final|SENPUZ|291,292,SENPUZ
viz_select_final|SENQAG|292,293,SENQAG
viz_select_final|SENQEK|293,294,SENQEK
viz_select_final|SENQIO|294,295,SENQIO
viz_select_final|SENQOU|295,296,SENQOU
viz_select_final|SENQUA|296,297,SENQUA
viz_select_final|SENRAH|297,298,SENRAH
viz_select_final|SENREL|298,299,SENREL
viz_select_final|SIRZAU|299,300,SIRZAU
viz_select_final|SUYVAJ|300,301,SUYVAJ
viz_select_final|TATVER|301,302,TATVER
viz_select_final|TECVUU|302,303,TECVUU
viz_select_final|TEMXAN|303,304,TEMXAN
viz_select_final|TEMXER|304,305,TEMXER
viz_select_final|TIWLUG|305,306,TIWLUG
viz_select_final|TOBGOI|306,307,TOBGOI
viz_select_final|TOVWUY|307,308,TOVWUY
viz_select_final|UHERIJ|308,309,UHERIJ
viz_select_final|UHEROP|309,310,UHEROP
viz_select_final|UHERUV|310,311,UHERUV
viz_select_final|UHESAC|311,312,UHESAC
viz_select_final|UJEPAB|312,313,UJEPAB
viz_select_final|UJEPEF|313,314,UJEPEF
viz_select_final|UPISOC|314,315,UPISOC
viz_select_final|USENEN|315,316,USENEN
viz_select_final|USENIR|316,317,USENIR
viz_select_final|UTEVAR|317,318,UTEVAR
viz_select_final|UTEVEV|318,319,UTEVEV
viz_select_final|UTEVIZ|319,320,UTEVIZ
viz_select_final|UTEVOF|320,321,UTEVOF
viz_select_final|UVISIC|321,322,UVISIC
viz_select_final|UWODUG|322,323,UWODUG
viz_select_final|UWOFAO|323,324,UWOFAO
viz_select_final|UWOFES|324,325,UWOFES
viz_select_final|UWOFIW|325,326,UWOFIW
viz_select_final|UYUWAN|326,327,UYUWAN
viz_select_final|UYUXIW|327,328,UYUXIW
viz_select_final|UYUXOC|328,329,UYUXOC
viz_select_final|UYUXUI|329,330,UYUXUI
viz_select_final|VIWQOH|330,331,VIWQOH
viz_select_final|VOFRUF|331,332,VOFRUF
viz_select_final|VOLZON|332,333,VOLZON
viz_select_final|VOMPAQ|333,334,VOMPAQ
viz_select_final|VOMPEU|334,335,VOMPEU
viz_select_final|VOMPIY|335,336,VOMPIY
viz_select_final|VOWTUY|336,337,VOWTUY
viz_select_final|VOWVEK|337,338,VOWVEK
viz_select_final|VUNQOM|338,339,VUNQOM
viz_select_final|WECPAV|339,340,WECPAV
viz_select_final|WIFSOU|340,341,WIFSOU
viz_select_final|WINBUQ|341,342,WINBUQ
viz_select_final|WINCIF|342,343,WINCIF
viz_select_final|WIQHUC|343,344,WIQHUC
viz_select_final|WIQJAK|344,345,WIQJAK
viz_select_final|WIQNAO|345,346,WIQNAO
viz_select_final|WIQNIW|346,347,WIQNIW
viz_select_final|WOGBOJ|347,348,WOGBOJ
viz_select_final|WUTJOM|348,349,WUTJOM
viz_select_final|XAMQEK|349,350,XAMQEK
viz_select_final|XAMQIO|350,351,XAMQIO
viz_select_final|XAMQOU|351,352,XAMQOU
viz_select_final|XAMQUA|352,353,XAMQUA
viz_select_final|XAYMOC|353,354,XAYMOC
viz_select_final|XAYMUI|354,355,XAYMUI
viz_select_final|XIVYUZ|355,356,XIVYUZ
viz_select_final|XIVZAG|356,357,XIVZAG
viz_select_final|XIVZEK|357,358,XIVZEK
viz_select_final|XOTHUL|358,359,XOTHUL
viz_select_final|XOTJAT|359,360,XOTJAT
viz_select_final|XUFSUO|360,361,XUFSUO
viz_select_final|YAVQAN|361,362,YAVQAN
viz_select_final|YAVQER|362,363,YAVQER
viz_select_final|YEDNAZ|363,364,YEDNAZ
viz_select_final|YIGPOW|364,365,YIGPOW
viz_select_final|YIGQEN|365,366,YIGQEN
viz_select_final|YUKHOD|366,367,YUKHOD
viz_select_final|YUZHAE|367,368,YUZHAE
viz_select_final|ZAPKIK|368,369,ZAPKIK
viz_select_final|ZAPKOQ|369,370,ZAPKOQ
viz_select_final|ZECMUP01|370,371,ZECMUP01
viz_select_final|ZIRCIO|371,372,ZIRCIO
viz_select_final|ZUYPUG|372,373,ZUYPUG
viz_select_final|ZUYQAN|373,374,ZUYQAN
